'Elapsed time','ECG I'
'seconds','mV'
0.000,0.37000000
0.002,0.19000000
0.004,0.06500000
0.006,0.04500000
0.008,0.07000000
0.010,0.04500000
0.012,0.25500000
0.014,0.33000000
0.016,0.29500000
0.018,0.38000000
0.020,0.19500000
0.022,0.20000000
0.024,0.17500000
0.026,0.01000000
0.028,0.00000000
0.030,0.11500000
0.032,0.15500000
0.034,0.28500000
0.036,0.38500000
0.038,0.31000000
0.040,0.25500000
0.042,0.29500000
0.044,0.12000000
0.046,-0.04500000
0.048,0.00000000
0.050,0.15500000
0.052,0.12000000
0.054,0.38000000
0.056,0.31000000
0.058,0.39000000
0.060,0.30500000
0.062,0.20500000
0.064,0.16000000
0.066,0.05000000
0.068,-0.12000000
0.070,0.08500000
0.072,0.18000000
0.074,0.35500000
0.076,0.24500000
0.078,0.29500000
0.080,0.26000000
0.082,0.21500000
0.084,0.14500000
0.086,0.05000000
0.088,-0.01000000
0.090,0.14500000
0.092,0.07500000
0.094,0.30500000
0.096,0.29500000
0.098,0.39500000
0.100,0.32000000
0.102,0.15000000
0.104,0.13500000
0.106,0.00500000
0.108,0.00500000
0.110,0.16000000
0.112,0.23000000
0.114,0.32000000
0.116,0.32500000
0.118,0.37000000
0.120,0.27500000
0.122,0.10500000
0.124,-0.03500000
0.126,0.02500000
0.128,0.05000000
0.130,0.06500000
0.132,0.17500000
0.134,0.33500000
0.136,0.45000000
0.138,0.29500000
0.140,0.17500000
0.142,0.13000000
0.144,-0.03000000
0.146,-0.08500000
0.148,0.06000000
0.150,0.13500000
0.152,0.17500000
0.154,0.38000000
0.156,0.35000000
0.158,0.37500000
0.160,0.20000000
0.162,0.09500000
0.164,0.05500000
0.166,0.03000000
0.168,-0.03500000
0.170,0.16000000
0.172,0.21000000
0.174,0.45500000
0.176,0.31000000
0.178,0.27500000
0.180,0.20500000
0.182,0.09000000
0.184,-0.01000000
0.186,-0.09500000
0.188,-0.03500000
0.190,0.14500000
0.192,0.28500000
0.194,0.30000000
0.196,0.33000000
0.198,0.31000000
0.200,0.21500000
0.202,0.07500000
0.204,0.05500000
0.206,0.10500000
0.208,0.04500000
0.210,0.01500000
0.212,0.12500000
0.214,0.37500000
0.216,0.53500000
0.218,0.39000000
0.220,0.22500000
0.222,0.17000000
0.224,0.02500000
0.226,0.01000000
0.228,0.07000000
0.230,0.20000000
0.232,0.25500000
0.234,0.30000000
0.236,0.41000000
0.238,0.23500000
0.240,0.19500000
0.242,0.02000000
0.244,0.22000000
0.246,-0.01500000
0.248,0.00500000
0.250,0.10500000
0.252,0.34000000
0.254,0.31000000
0.256,0.30000000
0.258,0.37000000
0.260,0.21000000
0.262,0.26500000
0.264,0.15500000
0.266,-0.00500000
0.268,0.17500000
0.270,0.18500000
0.272,0.24000000
0.274,0.31000000
0.276,0.29500000
0.278,0.28500000
0.280,0.21500000
0.282,0.07000000
0.284,0.13000000
0.286,-0.00500000
0.288,-0.01500000
0.290,0.07500000
0.292,0.20500000
0.294,0.27500000
0.296,0.46000000
0.298,0.14500000
0.300,0.12000000
0.302,0.12000000
0.304,-0.07000000
0.306,-0.05000000
0.308,0.16000000
0.310,0.06000000
0.312,0.14000000
0.314,0.33500000
0.316,0.41000000
0.318,0.27500000
0.320,0.13500000
0.322,0.11000000
0.324,0.03000000
0.326,-0.10500000
0.328,-0.05500000
0.330,0.12500000
0.332,0.21500000
0.334,0.23000000
0.336,0.36000000
0.338,0.27500000
0.340,0.20500000
0.342,0.05000000
0.344,-0.02500000
0.346,-0.00500000
0.348,0.02500000
0.350,0.07500000
0.352,0.17500000
0.354,0.29000000
0.356,0.37500000
0.358,0.27500000
0.360,0.14500000
0.362,0.04000000
0.364,-0.07000000
0.366,-0.13000000
0.368,0.09500000
0.370,0.11500000
0.372,0.11500000
0.374,0.38000000
0.376,0.31000000
0.378,0.18000000
0.380,0.11000000
0.382,0.01500000
0.384,-0.04000000
0.386,0.00000000
0.388,0.23000000
0.390,0.33500000
0.392,0.34000000
0.394,0.58000000
0.396,0.63500000
0.398,0.65500000
0.400,0.60500000
0.402,0.59000000
0.404,0.53500000
0.406,0.66500000
0.408,0.71500000
0.410,0.92500000
0.412,0.88500000
0.414,0.90000000
0.416,0.92500000
0.418,0.71000000
0.420,0.47000000
0.422,0.23500000
0.424,0.05000000
0.426,-0.14000000
0.428,-0.16000000
0.430,0.13000000
0.432,0.23500000
0.434,0.28500000
0.436,0.17500000
0.438,0.06000000
0.440,0.06000000
0.442,0.08500000
0.444,0.00500000
0.446,0.03500000
0.448,0.12500000
0.450,0.18500000
0.452,0.18500000
0.454,0.34000000
0.456,0.33500000
0.458,0.29000000
0.460,0.04000000
0.462,-0.05000000
0.464,0.11000000
0.466,-0.03000000
0.468,0.08000000
0.470,0.23000000
0.472,0.20500000
0.474,0.29500000
0.476,0.28500000
0.478,0.31500000
0.480,0.07500000
0.482,0.09500000
0.484,0.04000000
0.486,-0.01500000
0.488,0.08500000
0.490,0.29500000
0.492,0.31000000
0.494,0.22500000
0.496,0.32500000
0.498,0.31000000
0.500,0.13000000
0.502,0.01500000
0.504,0.04500000
0.506,0.11000000
0.508,0.05500000
0.510,0.27500000
0.512,0.22500000
0.514,0.31500000
0.516,0.40000000
0.518,0.38500000
0.520,0.21500000
0.522,0.04500000
0.524,-0.01000000
0.526,0.04500000
0.528,0.12000000
0.530,0.30000000
0.532,0.34000000
0.534,0.40500000
0.536,0.19500000
0.538,0.20000000
0.540,0.08500000
0.542,0.00500000
0.544,0.09000000
0.546,0.19000000
0.548,0.27000000
0.550,0.22500000
0.552,0.25500000
0.554,0.50000000
0.556,0.35500000
0.558,0.22000000
0.560,0.11000000
0.562,0.07500000
0.564,0.08000000
0.566,0.08500000
0.568,0.33000000
0.570,0.22000000
0.572,0.37000000
0.574,0.47500000
0.576,0.29000000
0.578,0.26500000
0.580,0.27500000
0.582,0.08000000
0.584,-0.04500000
0.586,0.10000000
0.588,0.18500000
0.590,0.37000000
0.592,0.43500000
0.594,0.53500000
0.596,0.44500000
0.598,0.36000000
0.600,0.30000000
0.602,0.17500000
0.604,0.07500000
0.606,0.16000000
0.608,0.32000000
0.610,0.42000000
0.612,0.60500000
0.614,0.58500000
0.616,0.35500000
0.618,0.41000000
0.620,0.30000000
0.622,0.19000000
0.624,0.07000000
0.626,0.11000000
0.628,0.42500000
0.630,0.70000000
0.632,0.53500000
0.634,0.47500000
0.636,0.55500000
0.638,0.45500000
0.640,0.24000000
0.642,0.21500000
0.644,0.15000000
0.646,0.28500000
0.648,0.39500000
0.650,0.48000000
0.652,0.53000000
0.654,0.38500000
0.656,0.24500000
0.658,0.21500000
0.660,0.27000000
0.662,0.27000000
0.664,0.16500000
0.666,0.22000000
0.668,0.32000000
0.670,0.45000000
0.672,0.46000000
0.674,0.39000000
0.676,0.29000000
0.678,0.23500000
0.680,0.26500000
0.682,0.14500000
0.684,0.05500000
0.686,0.05500000
0.688,0.22500000
0.690,0.35000000
0.692,0.39500000
0.694,0.34000000
0.696,0.21500000
0.698,0.35500000
0.700,0.14500000
0.702,0.00500000
0.704,0.02500000
0.706,-0.02000000
0.708,0.20000000
0.710,0.17500000
0.712,0.20000000
0.714,0.30500000
0.716,0.30500000
0.718,0.09000000
0.720,0.05500000
0.722,0.14500000
0.724,-0.06500000
0.726,0.03500000
0.728,0.10000000
0.730,0.27000000
0.732,0.36000000
0.734,0.40500000
0.736,0.26500000
0.738,0.07000000
0.740,0.09000000
0.742,-0.04500000
0.744,-0.02000000
0.746,0.08500000
0.748,0.24000000
0.750,0.22000000
0.752,0.25500000
0.754,0.23000000
0.756,0.20000000
0.758,0.17500000
0.760,0.11000000
0.762,-0.07500000
0.764,0.02000000
0.766,0.09000000
0.768,0.13000000
0.770,0.18500000
0.772,0.34000000
0.774,0.29000000
0.776,0.18000000
0.778,0.13500000
0.780,0.18000000
0.782,-0.16500000
0.784,-0.06500000
0.786,0.26000000
0.788,0.25500000
0.790,0.29000000
0.792,0.34000000
0.794,0.35000000
0.796,0.28000000
0.798,0.11500000
0.800,0.01000000
0.802,-0.09000000
0.804,0.02000000
0.806,0.10000000
0.808,0.17500000
0.810,0.32000000
0.812,0.40000000
0.814,0.25000000
0.816,0.41500000
0.818,0.08000000
0.820,0.03000000
0.822,-0.07000000
0.824,0.01000000
0.826,0.13500000
0.828,0.21500000
0.830,0.32500000
0.832,0.43000000
0.834,0.27500000
0.836,0.28500000
0.838,0.07000000
0.840,0.02500000
0.842,-0.04000000
0.844,0.14500000
0.846,0.15000000
0.848,0.31500000
0.850,0.35500000
0.852,0.26000000
0.854,0.16000000
0.856,0.16000000
0.858,0.18000000
0.860,-0.07500000
0.862,0.05500000
0.864,0.12500000
0.866,0.20500000
0.868,0.27500000
0.870,0.25000000
0.872,0.38500000
0.874,0.35000000
0.876,0.26000000
0.878,0.11500000
0.880,-0.04000000
0.882,-0.17000000
0.884,0.06500000
0.886,0.25500000
0.888,0.15500000
0.890,0.37000000
0.892,0.48000000
0.894,0.35000000
0.896,0.19500000
0.898,0.05500000
0.900,-0.03500000
0.902,-0.13000000
0.904,0.04500000
0.906,0.25000000
0.908,0.30500000
0.910,0.38500000
0.912,0.39000000
0.914,0.19500000
0.916,0.14500000
0.918,0.06000000
0.920,-0.07000000
0.922,-0.10500000
0.924,0.10500000
0.926,0.24500000
0.928,0.26000000
0.930,0.27500000
0.932,0.31500000
0.934,0.25500000
0.936,0.20000000
0.938,0.09500000
0.940,0.00000000
0.942,-0.18500000
0.944,0.02500000
0.946,0.27000000
0.948,0.26000000
0.950,0.13500000
0.952,0.38500000
0.954,0.35000000
0.956,0.13500000
0.958,0.20000000
0.960,0.09000000
0.962,-0.05000000
0.964,0.11500000
0.966,0.18000000
0.968,0.16000000
0.970,0.28500000
0.972,0.31500000
0.974,0.24000000
0.976,0.13000000
0.978,0.10500000
0.980,-0.00500000
0.982,-0.07500000
0.984,0.07000000
0.986,0.17500000
0.988,0.27000000
0.990,0.25500000
0.992,0.33500000
0.994,0.19500000
0.996,0.20000000
0.998,0.08500000
1.000,-0.04500000
1.002,-0.24000000
1.004,-0.06500000
1.006,0.30500000
1.008,0.29000000
1.010,0.32500000
1.012,0.49000000
1.014,0.26000000
1.016,0.17500000
1.018,-0.05000000
1.020,-0.09000000
1.022,-0.10500000
1.024,0.06000000
1.026,0.30000000
1.028,0.34500000
1.030,0.30000000
1.032,0.38500000
1.034,0.30500000
1.036,0.18500000
1.038,-0.00500000
1.040,-0.12500000
1.042,-0.13000000
1.044,0.04500000
1.046,0.21500000
1.048,0.32500000
1.050,0.33000000
1.052,0.36500000
1.054,0.29500000
1.056,0.16500000
1.058,0.04500000
1.060,-0.09500000
1.062,-0.03500000
1.064,0.13500000
1.066,0.23500000
1.068,0.29500000
1.070,0.45000000
1.072,0.44500000
1.074,0.29500000
1.076,0.17500000
1.078,0.03000000
1.080,0.10000000
1.082,0.09000000
1.084,0.05500000
1.086,0.15500000
1.088,0.44500000
1.090,0.32000000
1.092,0.30500000
1.094,0.16000000
1.096,0.17500000
1.098,0.26500000
1.100,0.02000000
1.102,-0.02000000
1.104,0.19000000
1.106,0.25500000
1.108,0.32000000
1.110,0.40500000
1.112,0.30000000
1.114,0.35500000
1.116,0.15000000
1.118,-0.02000000
1.120,-0.10500000
1.122,0.09500000
1.124,0.18000000
1.126,0.27000000
1.128,0.31500000
1.130,0.35000000
1.132,0.18000000
1.134,0.14000000
1.136,0.18500000
1.138,0.02500000
1.140,-0.06500000
1.142,-0.00500000
1.144,0.15500000
1.146,0.21000000
1.148,0.27000000
1.150,0.41500000
1.152,0.16500000
1.154,0.15000000
1.156,0.14500000
1.158,0.08500000
1.160,-0.05000000
1.162,0.05500000
1.164,0.12000000
1.166,0.21500000
1.168,0.24500000
1.170,0.39000000
1.172,0.22000000
1.174,0.18500000
1.176,0.02000000
1.178,-0.08500000
1.180,-0.06500000
1.182,-0.01500000
1.184,0.17500000
1.186,0.23500000
1.188,0.35500000
1.190,0.35000000
1.192,0.23500000
1.194,0.14500000
1.196,0.04000000
1.198,0.02000000
1.200,-0.04500000
1.202,0.11500000
1.204,0.05500000
1.206,0.24000000
1.208,0.36500000
1.210,0.44000000
1.212,0.21000000
1.214,0.12000000
1.216,0.04500000
1.218,-0.10500000
1.220,-0.09500000
1.222,-0.06000000
1.224,0.08500000
1.226,0.24500000
1.228,0.29500000
1.230,0.38500000
1.232,0.41000000
1.234,0.30000000
1.236,0.18500000
1.238,0.30500000
1.240,0.25000000
1.242,0.24000000
1.244,0.40000000
1.246,0.66500000
1.248,0.95000000
1.250,1.14500000
1.252,1.00000000
1.254,0.89000000
1.256,0.82000000
1.258,0.64000000
1.260,0.58000000
1.262,0.58500000
1.264,0.66000000
1.266,0.38500000
1.268,0.44500000
1.270,0.54000000
1.272,0.26500000
1.274,0.01000000
1.276,-0.08000000
1.278,-0.04000000
1.280,0.01000000
1.282,0.01500000
1.284,0.23500000
1.286,0.27000000
1.288,0.25500000
1.290,0.40500000
1.292,0.34500000
1.294,0.17500000
1.296,-0.01000000
1.298,0.06500000
1.300,0.01000000
1.302,0.17000000
1.304,0.18000000
1.306,0.12500000
1.308,0.18500000
1.310,0.46000000
1.312,0.24500000
1.314,0.14500000
1.316,0.10000000
1.318,-0.08500000
1.320,-0.03000000
1.322,0.10000000
1.324,0.25500000
1.326,0.32000000
1.328,0.36000000
1.330,0.37500000
1.332,0.33500000
1.334,0.12000000
1.336,0.05000000
1.338,0.01500000
1.340,0.05500000
1.342,0.14000000
1.344,0.24000000
1.346,0.30500000
1.348,0.34500000
1.350,0.41500000
1.352,0.34000000
1.354,0.15500000
1.356,-0.01000000
1.358,-0.04000000
1.360,0.03000000
1.362,0.20000000
1.364,0.06500000
1.366,0.32000000
1.368,0.47000000
1.370,0.35500000
1.372,0.32500000
1.374,0.16500000
1.376,0.13500000
1.378,0.05500000
1.380,0.12000000
1.382,0.04000000
1.384,0.20500000
1.386,0.34500000
1.388,0.44500000
1.390,0.34500000
1.392,0.22000000
1.394,0.19000000
1.396,0.20500000
1.398,0.10500000
1.400,0.04000000
1.402,0.18500000
1.404,0.31500000
1.406,0.40000000
1.408,0.42500000
1.410,0.39500000
1.412,0.33000000
1.414,0.26500000
1.416,0.07500000
1.418,-0.02000000
1.420,0.08500000
1.422,0.14000000
1.424,0.23500000
1.426,0.53500000
1.428,0.50000000
1.430,0.43500000
1.432,0.31500000
1.434,0.24500000
1.436,0.18000000
1.438,0.10000000
1.440,0.16500000
1.442,0.33500000
1.444,0.47000000
1.446,0.38500000
1.448,0.64000000
1.450,0.51500000
1.452,0.36000000
1.454,0.31500000
1.456,0.23000000
1.458,0.23000000
1.460,0.25500000
1.462,0.41000000
1.464,0.40500000
1.466,0.51500000
1.468,0.56000000
1.470,0.43500000
1.472,0.39500000
1.474,0.34000000
1.476,0.24500000
1.478,0.09000000
1.480,0.25500000
1.482,0.52000000
1.484,0.51500000
1.486,0.59500000
1.488,0.65000000
1.490,0.57500000
1.492,0.41000000
1.494,0.30000000
1.496,0.16500000
1.498,0.02000000
1.500,0.26000000
1.502,0.37000000
1.504,0.50500000
1.506,0.59000000
1.508,0.52000000
1.510,0.50500000
1.512,0.41000000
1.514,0.21500000
1.516,0.19000000
1.518,0.17500000
1.520,0.17500000
1.522,0.24500000
1.524,0.34500000
1.526,0.38000000
1.528,0.45000000
1.530,0.34000000
1.532,0.31500000
1.534,0.08500000
1.536,0.13500000
1.538,0.05500000
1.540,0.13000000
1.542,0.12000000
1.544,0.32500000
1.546,0.29500000
1.548,0.30000000
1.550,0.25000000
1.552,0.15500000
1.554,0.22000000
1.556,0.12500000
1.558,-0.02500000
1.560,0.13000000
1.562,0.13000000
1.564,0.29500000
1.566,0.31000000
1.568,0.48000000
1.570,0.26500000
1.572,0.14000000
1.574,0.16500000
1.576,-0.05000000
1.578,-0.04000000
1.580,0.10000000
1.582,0.13500000
1.584,0.25000000
1.586,0.24500000
1.588,0.32500000
1.590,0.34500000
1.592,0.18500000
1.594,0.12000000
1.596,0.11000000
1.598,-0.05000000
1.600,-0.04000000
1.602,0.10000000
1.604,0.20000000
1.606,0.32000000
1.608,0.45500000
1.610,0.35500000
1.612,0.10000000
1.614,0.03500000
1.616,0.06000000
1.618,-0.01000000
1.620,0.12500000
1.622,0.20000000
1.624,0.26000000
1.626,0.23000000
1.628,0.32500000
1.630,0.29000000
1.632,0.25500000
1.634,-0.03500000
1.636,0.07000000
1.638,-0.01000000
1.640,-0.09000000
1.642,0.14000000
1.644,0.32500000
1.646,0.31500000
1.648,0.32500000
1.650,0.25000000
1.652,0.19000000
1.654,0.09000000
1.656,-0.09500000
1.658,0.01000000
1.660,0.11000000
1.662,0.28000000
1.664,0.34000000
1.666,0.35000000
1.668,0.27000000
1.670,0.24000000
1.672,0.17000000
1.674,0.16000000
1.676,0.06000000
1.678,-0.02500000
1.680,0.05000000
1.682,0.30000000
1.684,0.34000000
1.686,0.21000000
1.688,0.21500000
1.690,0.22000000
1.692,0.12000000
1.694,0.03000000
1.696,0.08000000
1.698,0.02000000
1.700,0.18000000
1.702,0.36000000
1.704,0.30500000
1.706,0.29000000
1.708,0.32500000
1.710,0.23500000
1.712,0.06000000
1.714,-0.04500000
1.716,0.03500000
1.718,0.15500000
1.720,0.11500000
1.722,0.31500000
1.724,0.42500000
1.726,0.28500000
1.728,0.17000000
1.730,0.25500000
1.732,0.14500000
1.734,0.07500000
1.736,0.00500000
1.738,0.03000000
1.740,0.10500000
1.742,0.19500000
1.744,0.24500000
1.746,0.38000000
1.748,0.20500000
1.750,0.20000000
1.752,0.01000000
1.754,-0.04000000
1.756,-0.01000000
1.758,0.15500000
1.760,0.18500000
1.762,0.16000000
1.764,0.35000000
1.766,0.31500000
1.768,0.26000000
1.770,0.25500000
1.772,0.03000000
1.774,0.03000000
1.776,0.02500000
1.778,0.11000000
1.780,0.08500000
1.782,0.24500000
1.784,0.35500000
1.786,0.36500000
1.788,0.29500000
1.790,0.17000000
1.792,0.15000000
1.794,0.00500000
1.796,-0.06500000
1.798,-0.00500000
1.800,-0.06500000
1.802,0.28500000
1.804,0.43500000
1.806,0.35000000
1.808,0.13500000
1.810,0.14000000
1.812,0.03500000
1.814,-0.04500000
1.816,0.01500000
1.818,0.07500000
1.820,0.11000000
1.822,0.31000000
1.824,0.41500000
1.826,0.48500000
1.828,0.28000000
1.830,0.13000000
1.832,0.07500000
1.834,0.11000000
1.836,-0.03500000
1.838,0.07500000
1.840,0.11500000
1.842,0.25500000
1.844,0.21000000
1.846,0.35500000
1.848,0.25000000
1.850,0.15000000
1.852,0.02500000
1.854,-0.13500000
1.856,-0.08500000
1.858,0.07500000
1.860,0.27500000
1.862,0.23500000
1.864,0.33500000
1.866,0.21500000
1.868,0.15000000
1.870,0.00000000
1.872,-0.02000000
1.874,0.09500000
1.876,-0.03500000
1.878,0.14500000
1.880,0.26500000
1.882,0.32500000
1.884,0.32500000
1.886,0.32000000
1.888,0.15000000
1.890,0.12000000
1.892,0.15500000
1.894,0.13500000
1.896,0.03500000
1.898,0.11000000
1.900,0.23000000
1.902,0.27000000
1.904,0.28000000
1.906,0.36500000
1.908,0.22000000
1.910,0.09500000
1.912,0.06000000
1.914,-0.04000000
1.916,0.08000000
1.918,0.12000000
1.920,0.13000000
1.922,0.16000000
1.924,0.23000000
1.926,0.42000000
1.928,0.37500000
1.930,0.16500000
1.932,0.05500000
1.934,0.05000000
1.936,0.13500000
1.938,0.20500000
1.940,0.21000000
1.942,0.32000000
1.944,0.39500000
1.946,0.36000000
1.948,0.25500000
1.950,0.05500000
1.952,0.07000000
1.954,0.05000000
1.956,0.02000000
1.958,0.22500000
1.960,0.31000000
1.962,0.27500000
1.964,0.32000000
1.966,0.33500000
1.968,0.22000000
1.970,0.16000000
1.972,-0.12500000
1.974,-0.03000000
1.976,-0.02000000
1.978,0.08500000
1.980,0.23000000
1.982,0.18500000
1.984,0.23500000
1.986,0.38500000
1.988,0.27000000
1.990,0.12000000
1.992,-0.01500000
1.994,-0.10500000
1.996,-0.08500000
1.998,0.05000000
2.000,0.15000000
2.002,0.40500000
2.004,0.34000000
2.006,0.24500000
2.008,0.18500000
2.010,0.12500000
2.012,0.15000000
2.014,-0.18500000
2.016,0.01000000
2.018,0.07500000
2.020,0.21000000
2.022,0.07500000
2.024,0.32500000
2.026,0.31500000
2.028,0.17000000
2.030,0.12500000
2.032,0.08500000
2.034,-0.11000000
2.036,-0.07500000
2.038,0.10000000
2.040,0.10000000
2.042,0.21500000
2.044,0.48000000
2.046,0.37000000
2.048,0.28500000
2.050,0.06500000
2.052,-0.16000000
2.054,-0.19000000
2.056,-0.01000000
2.058,0.17500000
2.060,0.27500000
2.062,0.18000000
2.064,0.31500000
2.066,0.14000000
2.068,0.20500000
2.070,0.11500000
2.072,0.16500000
2.074,0.03000000
2.076,0.15000000
2.078,0.36000000
2.080,0.41500000
2.082,0.66000000
2.084,0.90000000
2.086,0.76000000
2.088,0.84500000
2.090,0.80500000
2.092,0.71500000
2.094,0.61500000
2.096,0.76000000
2.098,0.66000000
2.100,0.64500000
2.102,0.69000000
2.104,0.69000000
2.106,0.35500000
2.108,0.30500000
2.110,0.18500000
2.112,-0.04000000
2.114,-0.13500000
2.116,-0.15500000
2.118,0.02500000
2.120,0.23500000
2.122,0.16000000
2.124,0.39500000
2.126,0.24000000
2.128,0.22500000
2.130,0.02500000
2.132,-0.06000000
2.134,0.01000000
2.136,0.02000000
2.138,0.08000000
2.140,0.25500000
2.142,0.35000000
2.144,0.43000000
2.146,0.27000000
2.148,0.20500000
2.150,0.13000000
2.152,0.06000000
2.154,0.04000000
2.156,0.12500000
2.158,0.17000000
2.160,0.29000000
2.162,0.22500000
2.164,0.32500000
2.166,0.13500000
2.168,0.08000000
2.170,0.16000000
2.172,0.10000000
2.174,0.07000000
2.176,0.13500000
2.178,0.17500000
2.180,0.26500000
2.182,0.35500000
2.184,0.33500000
2.186,0.15500000
2.188,0.23500000
2.190,0.14000000
2.192,-0.09000000
2.194,-0.02000000
2.196,0.05000000
2.198,0.21000000
2.200,0.27000000
2.202,0.37500000
2.204,0.48000000
2.206,0.34500000
2.208,0.20500000
2.210,-0.04000000
2.212,-0.10000000
2.214,0.08000000
2.216,0.11500000
2.218,0.19000000
2.220,0.41000000
2.222,0.48500000
2.224,0.44000000
2.226,0.28000000
2.228,0.14500000
2.230,0.00500000
2.232,-0.04000000
2.234,-0.12500000
2.236,0.11500000
2.238,0.35000000
2.240,0.40000000
2.242,0.32000000
2.244,0.41500000
2.246,0.37500000
2.248,0.16500000
2.250,0.07000000
2.252,0.08500000
2.254,0.04500000
2.256,0.21500000
2.258,0.33500000
2.260,0.36000000
2.262,0.41500000
2.264,0.39500000
2.266,0.26000000
2.268,0.17000000
2.270,0.13000000
2.272,0.13000000
2.274,0.22500000
2.276,0.18500000
2.278,0.32500000
2.280,0.35500000
2.282,0.49500000
2.284,0.47000000
2.286,0.40500000
2.288,0.28500000
2.290,0.16500000
2.292,-0.05500000
2.294,0.07000000
2.296,0.44500000
2.298,0.56500000
2.300,0.52000000
2.302,0.58000000
2.304,0.54500000
2.306,0.42500000
2.308,0.33500000
2.310,0.24500000
2.312,0.16500000
2.314,0.22000000
2.316,0.22000000
2.318,0.37000000
2.320,0.37500000
2.322,0.57000000
2.324,0.53500000
2.326,0.49500000
2.328,0.42500000
2.330,0.21500000
2.332,0.26000000
2.334,0.16000000
2.336,0.21500000
2.338,0.38000000
2.340,0.51500000
2.342,0.49500000
2.344,0.42500000
2.346,0.43500000
2.348,0.20000000
2.350,0.20000000
2.352,0.16500000
2.354,0.30000000
2.356,0.26500000
2.358,0.31000000
2.360,0.30500000
2.362,0.43500000
2.364,0.38000000
2.366,0.30500000
2.368,0.19500000
2.370,0.11500000
2.372,0.04500000
2.374,0.00000000
2.376,0.21500000
2.378,0.33000000
2.380,0.39000000
2.382,0.37500000
2.384,0.29000000
2.386,0.28000000
2.388,0.05000000
2.390,0.01500000
2.392,-0.13000000
2.394,0.01500000
2.396,0.19500000
2.398,0.08500000
2.400,0.27000000
2.402,0.47500000
2.404,0.39000000
2.406,0.15500000
2.408,0.06500000
2.410,-0.01000000
2.412,-0.13500000
2.414,0.01500000
2.416,0.18000000
2.418,0.30000000
2.420,0.37000000
2.422,0.40000000
2.424,0.25000000
2.426,0.14500000
2.428,0.12500000
2.430,-0.05500000
2.432,-0.10000000
2.434,-0.08500000
2.436,0.10000000
2.438,0.28000000
2.440,0.38000000
2.442,0.49500000
2.444,0.27500000
2.446,0.12500000
2.448,-0.01500000
2.450,-0.09000000
2.452,-0.05000000
2.454,0.10500000
2.456,0.09000000
2.458,0.11000000
2.460,0.36000000
2.462,0.42500000
2.464,0.24500000
2.466,0.23500000
2.468,-0.00500000
2.470,-0.02000000
2.472,0.03500000
2.474,0.06000000
2.476,0.15000000
2.478,0.30000000
2.480,0.32500000
2.482,0.35000000
2.484,0.28500000
2.486,0.16000000
2.488,0.07000000
2.490,0.05000000
2.492,-0.07000000
2.494,0.05500000
2.496,0.20000000
2.498,0.26000000
2.500,0.35000000
2.502,0.31500000
2.504,0.22500000
2.506,0.17500000
2.508,0.08500000
2.510,-0.03500000
2.512,0.04500000
2.514,0.12000000
2.516,0.22000000
2.518,0.17500000
2.520,0.15500000
2.522,0.46500000
2.524,0.30500000
2.526,0.09500000
2.528,-0.05000000
2.530,0.06000000
2.532,0.11000000
2.534,0.06500000
2.536,0.37000000
2.538,0.32000000
2.540,0.37000000
2.542,0.36000000
2.544,0.30500000
2.546,0.11500000
2.548,0.03000000
2.550,-0.04000000
2.552,-0.14000000
2.554,-0.04500000
2.556,0.33000000
2.558,0.37500000
2.560,0.36500000
2.562,0.46000000
2.564,0.19500000
2.566,0.05000000
2.568,-0.02000000
2.570,-0.25500000
2.572,-0.11000000
2.574,0.27000000
2.576,0.34500000
2.578,0.38000000
2.580,0.29000000
2.582,0.31000000
2.584,0.26500000
2.586,0.12500000
2.588,0.03000000
2.590,-0.03500000
2.592,0.03500000
2.594,0.13500000
2.596,0.20500000
2.598,0.28000000
2.600,0.29500000
2.602,0.23000000
2.604,0.30500000
2.606,0.18500000
2.608,0.05500000
2.610,-0.09000000
2.612,-0.09000000
2.614,-0.05000000
2.616,0.29000000
2.618,0.23000000
2.620,0.25000000
2.622,0.34500000
2.624,0.35500000
2.626,0.17500000
2.628,0.09000000
2.630,-0.04000000
2.632,-0.03000000
2.634,0.03000000
2.636,0.22000000
2.638,0.27500000
2.640,0.45000000
2.642,0.37000000
2.644,0.09000000
2.646,0.06000000
2.648,0.03500000
2.650,-0.10000000
2.652,-0.04000000
2.654,0.10000000
2.656,0.22500000
2.658,0.43500000
2.660,0.37000000
2.662,0.28500000
2.664,0.13500000
2.666,0.12500000
2.668,-0.11000000
2.670,-0.15000000
2.672,0.05000000
2.674,0.18500000
2.676,0.12500000
2.678,0.21000000
2.680,0.45500000
2.682,0.28500000
2.684,0.19500000
2.686,0.07000000
2.688,-0.05500000
2.690,0.03500000
2.692,-0.00500000
2.694,0.18500000
2.696,0.31000000
2.698,0.24000000
2.700,0.35000000
2.702,0.23500000
2.704,0.15500000
2.706,0.07000000
2.708,-0.04000000
2.710,0.06500000
2.712,0.10000000
2.714,0.11500000
2.716,0.19000000
2.718,0.42000000
2.720,0.30500000
2.722,0.25000000
2.724,0.19500000
2.726,0.16500000
2.728,0.04500000
2.730,-0.02000000
2.732,0.10500000
2.734,0.09000000
2.736,0.18000000
2.738,0.36000000
2.740,0.30000000
2.742,0.38500000
2.744,0.21500000
2.746,0.11000000
2.748,0.15000000
2.750,0.07500000
2.752,0.06000000
2.754,0.25000000
2.756,0.31000000
2.758,0.39500000
2.760,0.41500000
2.762,0.19000000
2.764,0.15500000
2.766,0.01000000
2.768,0.12000000
2.770,0.10000000
2.772,0.17000000
2.774,0.30500000
2.776,0.26500000
2.778,0.42000000
2.780,0.37500000
2.782,0.21000000
2.784,-0.01000000
2.786,0.08500000
2.788,-0.03500000
2.790,-0.00500000
2.792,0.02500000
2.794,0.17500000
2.796,0.37000000
2.798,0.21000000
2.800,0.34500000
2.802,0.18500000
2.804,0.15000000
2.806,0.09000000
2.808,-0.12500000
2.810,-0.01500000
2.812,0.18000000
2.814,0.22500000
2.816,0.28500000
2.818,0.34500000
2.820,0.30500000
2.822,0.13500000
2.824,0.10500000
2.826,0.00000000
2.828,-0.10500000
2.830,-0.10000000
2.832,0.09000000
2.834,0.24000000
2.836,0.40000000
2.838,0.29000000
2.840,0.33500000
2.842,0.15500000
2.844,0.14000000
2.846,-0.00500000
2.848,-0.01500000
2.850,-0.11500000
2.852,0.10500000
2.854,0.20000000
2.856,0.17000000
2.858,0.31500000
2.860,0.22500000
2.862,0.20500000
2.864,0.18000000
2.866,0.01500000
2.868,-0.06500000
2.870,-0.07500000
2.872,0.11000000
2.874,0.11000000
2.876,0.17000000
2.878,0.37500000
2.880,0.33000000
2.882,0.19000000
2.884,0.13000000
2.886,-0.15000000
2.888,-0.09500000
2.890,-0.06000000
2.892,0.17000000
2.894,0.21000000
2.896,0.37000000
2.898,0.47500000
2.900,0.46000000
2.902,0.53500000
2.904,0.63500000
2.906,0.59000000
2.908,0.39000000
2.910,0.53500000
2.912,0.77000000
2.914,0.95500000
2.916,1.01000000
2.918,0.93500000
2.920,0.96500000
2.922,0.79000000
2.924,0.55000000
2.926,0.44000000
2.928,0.25500000
2.930,0.22000000
2.932,0.18000000
2.934,0.19000000
2.936,0.21500000
2.938,0.25500000
2.940,0.24000000
2.942,0.07000000
2.944,-0.14000000
2.946,-0.11000000
2.948,-0.09000000
2.950,0.13000000
2.952,0.16500000
2.954,0.19500000
2.956,0.32500000
2.958,0.42000000
2.960,0.31000000
2.962,0.28500000
2.964,0.13000000
2.966,0.03000000
2.968,-0.01500000
2.970,0.03000000
2.972,0.12500000
2.974,0.15000000
2.976,0.09500000
2.978,0.37000000
2.980,0.46000000
2.982,0.23500000
2.984,0.09500000
2.986,-0.01000000
2.988,-0.02000000
2.990,0.10000000
2.992,0.12500000
2.994,0.22500000
2.996,0.30500000
2.998,0.33500000
3.000,0.15500000
3.002,0.16000000
3.004,0.07500000
3.006,0.16000000
3.008,0.02000000
3.010,0.08500000
3.012,0.09500000
3.014,0.19500000
3.016,0.38000000
3.018,0.40000000
3.020,0.35000000
3.022,0.22000000
3.024,0.12000000
3.026,0.07000000
3.028,-0.05000000
3.030,0.11500000
3.032,0.23000000
3.034,0.22000000
3.036,0.29500000
3.038,0.36500000
3.040,0.32000000
3.042,0.22500000
3.044,0.14000000
3.046,0.07500000
3.048,-0.01500000
3.050,0.11000000
3.052,0.15500000
3.054,0.28500000
3.056,0.31000000
3.058,0.38500000
3.060,0.36500000
3.062,0.19500000
3.064,0.01000000
3.066,0.10500000
3.068,0.10500000
3.070,0.12500000
3.072,0.16500000
3.074,0.35000000
3.076,0.42500000
3.078,0.49000000
3.080,0.42000000
3.082,0.23000000
3.084,0.09000000
3.086,0.02500000
3.088,-0.03500000
3.090,0.11500000
3.092,0.39000000
3.094,0.39000000
3.096,0.38500000
3.098,0.64500000
3.100,0.31500000
3.102,0.30000000
3.104,0.19000000
3.106,0.23500000
3.108,0.20500000
3.110,0.20000000
3.112,0.36000000
3.114,0.43000000
3.116,0.47500000
3.118,0.54000000
3.120,0.45000000
3.122,0.19000000
3.124,0.10500000
3.126,0.20000000
3.128,0.18000000
3.130,0.35500000
3.132,0.47000000
3.134,0.50500000
3.136,0.52000000
3.138,0.57500000
3.140,0.27500000
3.142,0.31000000
3.144,0.29500000
3.146,0.21500000
3.148,0.23000000
3.150,0.34500000
3.152,0.50500000
3.154,0.51000000
3.156,0.51000000
3.158,0.54500000
3.160,0.42500000
3.162,0.34500000
3.164,0.20000000
3.166,0.07000000
3.168,0.11000000
3.170,0.24500000
3.172,0.31500000
3.174,0.44500000
3.176,0.63500000
3.178,0.41500000
3.180,0.31000000
3.182,0.22000000
3.184,0.11000000
3.186,0.03000000
3.188,0.04000000
3.190,0.12000000
3.192,0.29000000
3.194,0.27500000
3.196,0.40500000
3.198,0.53500000
3.200,0.37000000
3.202,0.10500000
3.204,0.11500000
3.206,0.05500000
3.208,0.06000000
3.210,0.13000000
3.212,0.24500000
3.214,0.29500000
3.216,0.27500000
3.218,0.37500000
3.220,0.25000000
3.222,0.14000000
3.224,0.02500000
3.226,-0.03500000
3.228,0.04000000
3.230,0.07500000
3.232,0.15000000
3.234,0.16500000
3.236,0.45000000
3.238,0.49000000
3.240,0.23000000
3.242,0.01500000
3.244,-0.10500000
3.246,-0.07000000
3.248,0.07000000
3.250,0.12000000
3.252,0.21000000
3.254,0.21000000
3.256,0.29500000
3.258,0.30000000
3.260,0.25500000
3.262,0.10000000
3.264,-0.15500000
3.266,0.06500000
3.268,0.15500000
3.270,0.14000000
3.272,0.33000000
3.274,0.29000000
3.276,0.33000000
3.278,0.28500000
3.280,0.29000000
3.282,0.14500000
3.284,0.04000000
3.286,-0.16000000
3.288,0.00500000
3.290,0.07500000
3.292,0.12000000
3.294,0.05000000
3.296,0.35500000
3.298,0.37500000
3.300,0.19500000
3.302,0.10500000
3.304,0.07000000
3.306,0.02500000
3.308,0.03500000
3.310,0.11500000
3.312,0.21000000
3.314,0.34000000
3.316,0.36500000
3.318,0.21000000
3.320,0.17500000
3.322,0.08500000
3.324,0.00500000
3.326,0.09000000
3.328,0.10000000
3.330,0.19500000
3.332,0.27500000
3.334,0.37000000
3.336,0.42500000
3.338,0.30000000
3.340,0.21000000
3.342,0.02000000
3.344,0.15000000
3.346,-0.10000000
3.348,-0.06000000
3.350,0.12500000
3.352,0.25000000
3.354,0.30500000
3.356,0.33000000
3.358,0.25500000
3.360,0.14000000
3.362,-0.00500000
3.364,-0.03500000
3.366,-0.03000000
3.368,0.15500000
3.370,0.30000000
3.372,0.30500000
3.374,0.19500000
3.376,0.40500000
3.378,0.27000000
3.380,0.20000000
3.382,0.06500000
3.384,0.03000000
3.386,-0.10000000
3.388,0.11000000
3.390,0.30000000
3.392,0.23500000
3.394,0.38000000
3.396,0.35000000
3.398,0.23000000
3.400,0.17500000
3.402,0.06000000
3.404,0.09000000
3.406,-0.04000000
3.408,0.09500000
3.410,0.16500000
3.412,0.23500000
3.414,0.34000000
3.416,0.25000000
3.418,0.22000000
3.420,0.07500000
3.422,-0.04000000
3.424,-0.02000000
3.426,0.07000000
3.428,0.09500000
3.430,0.13000000
3.432,0.25000000
3.434,0.33500000
3.436,0.47500000
3.438,0.15000000
3.440,0.18500000
3.442,-0.00500000
3.444,-0.05000000
3.446,-0.09500000
3.448,0.06000000
3.450,0.29000000
3.452,0.27500000
3.454,0.38000000
3.456,0.41500000
3.458,0.25000000
3.460,0.11500000
3.462,0.01500000
3.464,-0.11000000
3.466,-0.08000000
3.468,0.08500000
3.470,0.14000000
3.472,0.21000000
3.474,0.30000000
3.476,0.43000000
3.478,0.33500000
3.480,0.02000000
3.482,0.04000000
3.484,-0.02500000
3.486,0.01500000
3.488,0.02000000
3.490,0.18500000
3.492,0.28500000
3.494,0.24500000
3.496,0.35500000
3.498,0.25500000
3.500,0.09500000
3.502,-0.01000000
3.504,-0.18000000
3.506,-0.15000000
3.508,0.11000000
3.510,0.28500000
3.512,0.29500000
3.514,0.40500000
3.516,0.31000000
3.518,0.19500000
3.520,0.17000000
3.522,-0.07500000
3.524,-0.05000000
3.526,-0.06000000
3.528,0.06000000
3.530,0.18000000
3.532,0.21000000
3.534,0.43000000
3.536,0.29000000
3.538,0.12000000
3.540,0.04500000
3.542,0.02500000
3.544,-0.01000000
3.546,0.15000000
3.548,0.19000000
3.550,0.13500000
3.552,0.28000000
3.554,0.34500000
3.556,0.16500000
3.558,0.10500000
3.560,0.14500000
3.562,0.05000000
3.564,-0.02500000
3.566,-0.08500000
3.568,0.01500000
3.570,0.21500000
3.572,0.34000000
3.574,0.37500000
3.576,0.16500000
3.578,0.17500000
3.580,0.09500000
3.582,0.04000000
3.584,-0.08000000
3.586,0.05500000
3.588,0.13500000
3.590,0.18500000
3.592,0.34000000
3.594,0.38500000
3.596,0.25500000
3.598,0.15000000
3.600,0.05000000
3.602,-0.01500000
3.604,-0.09000000
3.606,0.09500000
3.608,0.27500000
3.610,0.33500000
3.612,0.30000000
3.614,0.36000000
3.616,0.21500000
3.618,0.23000000
3.620,0.11500000
3.622,0.10500000
3.624,-0.10000000
3.626,0.02000000
3.628,0.14500000
3.630,0.28000000
3.632,0.33500000
3.634,0.44500000
3.636,0.44000000
3.638,0.29500000
3.640,0.09000000
3.642,0.02500000
3.644,-0.02500000
3.646,0.20000000
3.648,0.16000000
3.650,0.12000000
3.652,0.25000000
3.654,0.40500000
3.656,0.31500000
3.658,0.09000000
3.660,-0.01500000
3.662,-0.07000000
3.664,-0.02000000
3.666,0.04000000
3.668,0.10500000
3.670,0.13000000
3.672,0.18500000
3.674,0.35000000
3.676,0.33000000
3.678,0.08000000
3.680,0.05000000
3.682,0.04500000
3.684,-0.08000000
3.686,0.02000000
3.688,0.11500000
3.690,0.29500000
3.692,0.36500000
3.694,0.32500000
3.696,0.27000000
3.698,0.03000000
3.700,-0.05000000
3.702,-0.03500000
3.704,-0.10000000
3.706,-0.02000000
3.708,0.12500000
3.710,0.16500000
3.712,0.28500000
3.714,0.30000000
3.716,0.26000000
3.718,0.10500000
3.720,0.00500000
3.722,-0.06000000
3.724,-0.04500000
3.726,0.08500000
3.728,0.06500000
3.730,0.15000000
3.732,0.29500000
3.734,0.32500000
3.736,0.19000000
3.738,-0.06000000
3.740,0.03000000
3.742,0.01000000
3.744,-0.02000000
3.746,-0.01000000
3.748,0.08500000
3.750,0.25000000
3.752,0.28500000
3.754,0.31500000
3.756,0.16500000
3.758,-0.01000000
3.760,-0.14000000
3.762,0.00000000
3.764,0.10500000
3.766,0.19000000
3.768,0.27500000
3.770,0.36000000
3.772,0.53500000
3.774,0.61000000
3.776,0.49500000
3.778,0.43000000
3.780,0.59500000
3.782,0.70500000
3.784,0.56000000
3.786,0.77000000
3.788,0.94500000
3.790,0.88500000
3.792,0.89500000
3.794,0.81000000
3.796,0.76000000
3.798,0.53000000
3.800,0.18500000
3.802,0.06500000
3.804,-0.08000000
3.806,-0.11000000
3.808,0.03500000
3.810,0.10000000
3.812,0.30000000
3.814,0.29000000
3.816,0.24000000
3.818,0.07000000
3.820,-0.07500000
3.822,-0.09500000
3.824,0.09000000
3.826,0.16000000
3.828,0.16500000
3.830,0.14500000
3.832,0.24000000
3.834,0.22000000
3.836,0.18500000
3.838,0.08500000
3.840,0.14500000
3.842,-0.00500000
3.844,0.10500000
3.846,0.09500000
3.848,0.14000000
3.850,0.12000000
3.852,0.20500000
3.854,0.40500000
3.856,0.30000000
3.858,0.16000000
3.860,0.03500000
3.862,0.01000000
3.864,0.06000000
3.866,0.04000000
3.868,-0.16500000
3.870,0.29500000
3.872,0.53000000
3.874,0.36500000
3.876,0.15500000
3.878,0.12000000
3.880,0.05500000
3.882,-0.02500000
3.884,0.03500000
3.886,0.15000000
3.888,0.20500000
3.890,0.28000000
3.892,0.34500000
3.894,0.28000000
3.896,0.14000000
3.898,-0.01500000
3.900,-0.02000000
3.902,-0.03000000
3.904,0.13000000
3.906,0.22500000
3.908,0.24500000
3.910,0.23000000
3.912,0.34000000
3.914,0.28000000
3.916,0.21500000
3.918,0.18000000
3.920,0.08000000
3.922,0.05500000
3.924,0.14500000
3.926,0.12500000
3.928,0.19000000
3.930,0.29500000
3.932,0.42500000
3.934,0.33000000
3.936,0.28000000
3.938,0.02500000
3.940,0.00500000
3.942,0.11000000
3.944,0.19500000
3.946,0.28500000
3.948,0.31500000
3.950,0.40500000
3.952,0.29000000
3.954,0.19000000
3.956,0.22500000
3.958,0.24500000
3.960,-0.00500000
3.962,0.03000000
3.964,0.21500000
3.966,0.29500000
3.968,0.36000000
3.970,0.34000000
3.972,0.38000000
3.974,0.40500000
3.976,0.31500000
3.978,0.16500000
3.980,0.18500000
3.982,0.22000000
3.984,0.26500000
3.986,0.34000000
3.988,0.37000000
3.990,0.46000000
3.992,0.44000000
3.994,0.56000000
3.996,0.36000000
3.998,0.20500000
4.000,0.14000000
4.002,0.13000000
4.004,0.22000000
4.006,0.38000000
4.008,0.49500000
4.010,0.49000000
4.012,0.55500000
4.014,0.42500000
4.016,0.36500000
4.018,0.38000000
4.020,0.26500000
4.022,0.20000000
4.024,0.26500000
4.026,0.49000000
4.028,0.41000000
4.030,0.49500000
4.032,0.42000000
4.034,0.33000000
4.036,0.32000000
4.038,0.23000000
4.040,0.03500000
4.042,0.10500000
4.044,0.33000000
4.046,0.23000000
4.048,0.26000000
4.050,0.44500000
4.052,0.62500000
4.054,0.51500000
4.056,0.25000000
4.058,0.31500000
4.060,0.13000000
4.062,0.00500000
4.064,0.08000000
4.066,0.17000000
4.068,0.24000000
4.070,0.32500000
4.072,0.41000000
4.074,0.30000000
4.076,0.18000000
4.078,0.13000000
4.080,0.05500000
4.082,-0.03500000
4.084,0.08000000
4.086,0.12000000
4.088,0.38500000
4.090,0.45500000
4.092,0.27000000
4.094,0.20500000
4.096,0.05500000
4.098,0.06500000
4.100,-0.09000000
4.102,-0.07000000
4.104,0.11000000
4.106,0.27500000
4.108,0.21500000
4.110,0.31000000
4.112,0.23000000
4.114,0.09000000
4.116,-0.06500000
4.118,-0.04000000
4.120,0.09500000
4.122,0.02500000
4.124,0.17500000
4.126,0.23500000
4.128,0.32500000
4.130,0.35000000
4.132,0.27500000
4.134,0.13500000
4.136,0.03500000
4.138,0.02000000
4.140,-0.06000000
4.142,-0.12500000
4.144,0.10000000
4.146,0.18500000
4.148,0.29500000
4.150,0.36500000
4.152,0.39000000
4.154,0.18500000
4.156,0.06500000
4.158,0.00000000
4.160,-0.01500000
4.162,0.00000000
4.164,-0.00500000
4.166,0.22500000
4.168,0.38000000
4.170,0.36500000
4.172,0.14500000
4.174,0.14500000
4.176,0.03000000
4.178,0.05000000
4.180,-0.01000000
4.182,0.19500000
4.184,0.20000000
4.186,0.09500000
4.188,0.21000000
4.190,0.37000000
4.192,0.26000000
4.194,0.22500000
4.196,0.05500000
4.198,-0.03500000
4.200,-0.07000000
4.202,-0.06000000
4.204,0.08500000
4.206,0.36500000
4.208,0.32500000
4.210,0.39500000
4.212,0.18000000
4.214,0.20000000
4.216,0.01000000
4.218,0.08500000
4.220,0.04500000
4.222,-0.05500000
4.224,-0.03500000
4.226,0.19500000
4.228,0.58000000
4.230,0.43000000
4.232,0.29000000
4.234,0.21500000
4.236,0.12000000
4.238,0.08500000
4.240,-0.06000000
4.242,0.06500000
4.244,0.20000000
4.246,0.23500000
4.248,0.28000000
4.250,0.28000000
4.252,0.14500000
4.254,0.10500000
4.256,0.04500000
4.258,-0.01000000
4.260,0.01000000
4.262,0.08500000
4.264,0.23500000
4.266,0.27500000
4.268,0.33000000
4.270,0.31000000
4.272,0.23500000
4.274,0.12000000
4.276,0.13000000
4.278,-0.03500000
4.280,-0.04500000
4.282,0.11000000
4.284,0.13000000
4.286,0.20500000
4.288,0.39500000
4.290,0.43000000
4.292,0.28500000
4.294,0.08000000
4.296,0.09000000
4.298,0.02500000
4.300,-0.06500000
4.302,0.07500000
4.304,0.09500000
4.306,0.12500000
4.308,0.32000000
4.310,0.38000000
4.312,0.26500000
4.314,0.12000000
4.316,-0.13000000
4.318,-0.12500000
4.320,-0.01500000
4.322,0.10500000
4.324,0.14500000
4.326,0.23000000
4.328,0.31500000
4.330,0.26500000
4.332,0.29000000
4.334,0.12000000
4.336,0.11500000
4.338,0.06000000
4.340,-0.08500000
4.342,0.07500000
4.344,0.12500000
4.346,0.32500000
4.348,0.35000000
4.350,0.34500000
4.352,0.29500000
4.354,0.12000000
4.356,0.05000000
4.358,-0.04000000
4.360,-0.18000000
4.362,-0.03000000
4.364,0.07000000
4.366,0.29500000
4.368,0.41500000
4.370,0.36500000
4.372,0.20500000
4.374,0.09000000
4.376,0.01000000
4.378,-0.21500000
4.380,-0.24000000
4.382,0.02500000
4.384,0.19500000
4.386,0.33000000
4.388,0.35000000
4.390,0.41500000
4.392,0.25500000
4.394,0.11000000
4.396,-0.08000000
4.398,-0.02500000
4.400,0.05000000
4.402,-0.04500000
4.404,0.13000000
4.406,0.31000000
4.408,0.27000000
4.410,0.29500000
4.412,0.23500000
4.414,0.06000000
4.416,-0.00500000
4.418,-0.02500000
4.420,0.05000000
4.422,0.11000000
4.424,0.12000000
4.426,0.33000000
4.428,0.45500000
4.430,0.36500000
4.432,0.19500000
4.434,0.08000000
4.436,-0.03500000
4.438,-0.23000000
4.440,-0.16500000
4.442,0.16500000
4.444,0.18000000
4.446,0.29000000
4.448,0.40500000
4.450,0.17500000
4.452,0.19000000
4.454,0.12000000
4.456,0.01000000
4.458,-0.12500000
4.460,-0.17500000
4.462,0.08000000
4.464,0.23500000
4.466,0.28500000
4.468,0.41000000
4.470,0.37500000
4.472,0.21500000
4.474,0.17000000
4.476,0.05500000
4.478,-0.15500000
4.480,0.09500000
4.482,0.09500000
4.484,0.20500000
4.486,0.24000000
4.488,0.34000000
4.490,0.36000000
4.492,0.17500000
4.494,0.19000000
4.496,0.11500000
4.498,-0.02500000
4.500,0.06000000
4.502,0.07500000
4.504,0.26000000
4.506,0.21000000
4.508,0.25000000
4.510,0.26000000
4.512,0.21000000
4.514,0.14000000
4.516,0.06500000
4.518,0.04000000
4.520,0.14000000
4.522,0.22000000
4.524,0.26000000
4.526,0.25500000
4.528,0.38000000
4.530,0.36000000
4.532,0.21500000
4.534,-0.00500000
4.536,0.16000000
4.538,0.03500000
4.540,-0.02000000
4.542,0.10000000
4.544,0.20000000
4.546,0.33500000
4.548,0.52000000
4.550,0.34500000
4.552,0.19000000
4.554,0.00000000
4.556,-0.03500000
4.558,-0.02000000
4.560,-0.03000000
4.562,0.04500000
4.564,0.17000000
4.566,0.27500000
4.568,0.29500000
4.570,0.10500000
4.572,0.08000000
4.574,0.11000000
4.576,-0.06500000
4.578,-0.12500000
4.580,0.04500000
4.582,0.08000000
4.584,0.31500000
4.586,0.29500000
4.588,0.28000000
4.590,0.24000000
4.592,0.20500000
4.594,-0.13500000
4.596,-0.09000000
4.598,0.00000000
4.600,0.00500000
4.602,0.28000000
4.604,0.41000000
4.606,0.26000000
4.608,0.25500000
4.610,0.16000000
4.612,0.07000000
4.614,-0.02000000
4.616,-0.11000000
4.618,-0.12500000
4.620,0.20000000
4.622,0.13500000
4.624,0.22500000
4.626,0.36000000
4.628,0.24500000
4.630,0.16000000
4.632,0.12500000
4.634,-0.07000000
4.636,-0.02500000
4.638,-0.09500000
4.640,-0.06500000
4.642,0.06000000
4.644,0.21000000
4.646,0.22000000
4.648,0.28500000
4.650,0.13500000
4.652,-0.01000000
4.654,0.01000000
4.656,0.01500000
4.658,0.11000000
4.660,0.17000000
4.662,0.38000000
4.664,0.48500000
4.666,0.71500000
4.668,0.94000000
4.670,0.92500000
4.672,0.85000000
4.674,0.78500000
4.676,0.66000000
4.678,0.65500000
4.680,0.67500000
4.682,0.76000000
4.684,0.84500000
4.686,0.70000000
4.688,0.70000000
4.690,0.44500000
4.692,0.18000000
4.694,0.00500000
4.696,-0.23000000
4.698,-0.27000000
4.700,-0.11500000
4.702,0.04500000
4.704,0.20000000
4.706,0.26000000
4.708,0.25000000
4.710,0.18000000
4.712,0.07000000
4.714,0.03000000
4.716,-0.01500000
4.718,-0.14500000
4.720,0.08500000
4.722,0.16500000
4.724,0.20000000
4.726,0.37000000
4.728,0.35500000
4.730,0.14500000
4.732,0.10500000
4.734,-0.00500000
4.736,-0.04500000
4.738,0.01500000
4.740,0.14000000
4.742,0.05500000
4.744,0.27500000
4.746,0.32500000
4.748,0.36500000
4.750,0.21000000
4.752,0.15000000
4.754,0.02500000
4.756,-0.05000000
4.758,0.04500000
4.760,0.12500000
4.762,0.29000000
4.764,0.25500000
4.766,0.35000000
4.768,0.27500000
4.770,0.13500000
4.772,-0.13000000
4.774,-0.12500000
4.776,0.07000000
4.778,0.08000000
4.780,0.26500000
4.782,0.30500000
4.784,0.24500000
4.786,0.41000000
4.788,0.29500000
4.790,0.19000000
4.792,0.13500000
4.794,-0.01000000
4.796,0.11500000
4.798,0.11500000
4.800,0.09500000
4.802,0.19500000
4.804,0.33000000
4.806,0.30000000
4.808,0.30000000
4.810,0.23000000
4.812,0.09500000
4.814,0.06500000
4.816,-0.02500000
4.818,0.02000000
4.820,0.11500000
4.822,0.36500000
4.824,0.34500000
4.826,0.40500000
4.828,0.29500000
4.830,0.29500000
4.832,0.07500000
4.834,-0.02000000
4.836,-0.03500000
4.838,0.17000000
4.840,0.23500000
4.842,0.24000000
4.844,0.42500000
4.846,0.53500000
4.848,0.21000000
4.850,0.13500000
4.852,0.17000000
4.854,0.23000000
4.856,0.07000000
4.858,0.19500000
4.860,0.22500000
4.862,0.37000000
4.864,0.47500000
4.866,0.46500000
4.868,0.42000000
4.870,0.48500000
4.872,0.14500000
4.874,0.04000000
4.876,0.05500000
4.878,0.26500000
4.880,0.29500000
4.882,0.47000000
4.884,0.62500000
4.886,0.59500000
4.888,0.44500000
4.890,0.35000000
4.892,0.20500000
4.894,0.17500000
4.896,0.05500000
4.898,0.33500000
4.900,0.40000000
4.902,0.40500000
4.904,0.49000000
4.906,0.51000000
4.908,0.49500000
4.910,0.36500000
4.912,0.15500000
4.914,0.22000000
4.916,0.09000000
4.918,0.16500000
4.920,0.36500000
4.922,0.54500000
4.924,0.62000000
4.926,0.59000000
4.928,0.45500000
4.930,0.24500000
4.932,0.05500000
4.934,0.07500000
4.936,0.14500000
4.938,0.09500000
4.940,0.31500000
4.942,0.47000000
4.944,0.41500000
4.946,0.40500000
4.948,0.30500000
4.950,0.23000000
4.952,0.23000000
4.954,0.16500000
4.956,0.02500000
4.958,0.13500000
4.960,0.20000000
4.962,0.22500000
4.964,0.36000000
4.966,0.40000000
4.968,0.17500000
4.970,0.12500000
4.972,-0.06500000
4.974,-0.13500000
4.976,0.10000000
4.978,-0.02500000
4.980,0.13000000
4.982,0.18500000
4.984,0.31500000
4.986,0.53000000
4.988,0.26500000
4.990,0.11000000
4.992,-0.00500000
4.994,-0.03000000
4.996,-0.10500000
4.998,0.06500000
5.000,0.22000000
5.002,0.37500000
5.004,0.21000000
5.006,0.21500000
5.008,0.24000000
5.010,0.16500000
5.012,0.04500000
5.014,-0.11500000
5.016,-0.03500000
5.018,0.11000000
5.020,0.11000000
5.022,0.24000000
5.024,0.25000000
5.026,0.29000000
5.028,0.21500000
5.030,0.12000000
5.032,0.07000000
5.034,-0.05000000
5.036,-0.12500000
5.038,0.00500000
5.040,0.10000000
5.042,0.17000000
5.044,0.30000000
5.046,0.32500000
5.048,0.32000000
5.050,0.15000000
5.052,0.03500000
5.054,-0.05500000
5.056,-0.01000000
5.058,0.02500000
5.060,0.05500000
5.062,0.38000000
5.064,0.29500000
5.066,0.30000000
5.068,0.25000000
5.070,0.03000000
5.072,0.07500000
5.074,-0.01500000
5.076,-0.10500000
5.078,0.00000000
5.080,0.12500000
5.082,0.32500000
5.084,0.45000000
5.086,0.32000000
5.088,0.19000000
5.090,0.21000000
5.092,0.12000000
5.094,-0.12500000
5.096,0.05500000
5.098,0.18000000
5.100,0.11500000
5.102,0.24000000
5.104,0.30500000
5.106,0.25000000
5.108,0.25500000
5.110,0.10000000
5.112,-0.03500000
5.114,-0.11000000
5.116,0.07000000
5.118,0.08000000
5.120,0.17500000
5.122,0.24000000
5.124,0.39000000
5.126,0.40000000
5.128,0.27500000
5.130,0.05500000
5.132,0.00000000
5.134,-0.10500000
5.136,-0.16000000
5.138,0.24000000
5.140,0.26500000
5.142,0.21500000
5.144,0.37500000
5.146,0.14000000
5.148,0.23500000
5.150,0.10000000
5.152,-0.07000000
5.154,-0.07500000
5.156,0.05500000
5.158,0.07000000
5.160,0.35000000
5.162,0.35000000
5.164,0.34500000
5.166,0.25500000
5.168,0.19500000
5.170,0.03000000
5.172,0.00000000
5.174,-0.04000000
5.176,0.12000000
5.178,0.09500000
5.180,0.13000000
5.182,0.18500000
5.184,0.21500000
5.186,0.32500000
5.188,0.23500000
5.190,-0.01000000
5.192,0.07500000
5.194,0.01500000
5.196,-0.04000000
5.198,0.05000000
5.200,0.11500000
5.202,0.24500000
5.204,0.36500000
5.206,0.16500000
5.208,0.15500000
5.210,0.01000000
5.212,-0.01000000
5.214,-0.03000000
5.216,0.10500000
5.218,0.12500000
5.220,0.16500000
5.222,0.28000000
5.224,0.35000000
5.226,0.17000000
5.228,0.07000000
5.230,0.02500000
5.232,-0.01500000
5.234,-0.08500000
5.236,-0.07500000
5.238,0.02000000
5.240,0.22500000
5.242,0.43500000
5.244,0.40000000
5.246,0.25500000
5.248,0.05500000
5.250,-0.00500000
5.252,0.02500000
5.254,-0.06500000
5.256,0.01000000
5.258,0.09000000
5.260,0.30500000
5.262,0.20000000
5.264,0.23500000
5.266,0.20000000
5.268,0.09000000
5.270,0.08000000
5.272,0.02000000
5.274,-0.11000000
5.276,-0.04500000
5.278,0.09000000
5.280,0.21000000
5.282,0.26500000
5.284,0.22000000
5.286,0.11000000
5.288,0.00500000
5.290,0.03500000
5.292,0.01500000
5.294,-0.09000000
5.296,0.05500000
5.298,0.15000000
5.300,0.25000000
5.302,0.40000000
5.304,0.39500000
5.306,0.21500000
5.308,0.14000000
5.310,-0.11000000
5.312,-0.10000000
5.314,-0.05500000
5.316,0.00500000
5.318,0.12500000
5.320,0.32500000
5.322,0.29500000
5.324,0.27500000
5.326,0.19500000
5.328,0.14000000
5.330,0.18000000
5.332,0.00500000
5.334,-0.03000000
5.336,0.13000000
5.338,0.22000000
5.340,0.30000000
5.342,0.30000000
5.344,0.23000000
5.346,0.14500000
5.348,0.06000000
5.350,0.02500000
5.352,-0.07000000
5.354,0.01000000
5.356,0.14500000
5.358,0.29000000
5.360,0.31500000
5.362,0.41000000
5.364,0.35500000
5.366,0.23000000
5.368,0.13000000
5.370,0.04000000
5.372,-0.09000000
5.374,0.03500000
5.376,0.09500000
5.378,0.17500000
5.380,0.19500000
5.382,0.32500000
5.384,0.23000000
5.386,0.24000000
5.388,0.09500000
5.390,0.00500000
5.392,-0.03000000
5.394,-0.01500000
5.396,0.08500000
5.398,0.26000000
5.400,0.31500000
5.402,0.30000000
5.404,0.21500000
5.406,-0.05000000
5.408,-0.09000000
5.410,-0.09000000
5.412,-0.05500000
5.414,0.06500000
5.416,0.13500000
5.418,0.16500000
5.420,0.20000000
5.422,0.31000000
5.424,0.20000000
5.426,0.25000000
5.428,0.09000000
5.430,-0.05500000
5.432,-0.07500000
5.434,0.06000000
5.436,-0.01000000
5.438,0.09000000
5.440,0.26500000
5.442,0.33500000
5.444,0.33000000
5.446,0.07000000
5.448,0.00500000
5.450,-0.07500000
5.452,-0.19000000
5.454,-0.01500000
5.456,0.07500000
5.458,0.22500000
5.460,0.23500000
5.462,0.22000000
5.464,0.29500000
5.466,0.20000000
5.468,-0.01500000
5.470,-0.12500000
5.472,-0.16000000
5.474,-0.07500000
5.476,0.02500000
5.478,0.30500000
5.480,0.32500000
5.482,0.27500000
5.484,0.16000000
5.486,-0.08000000
5.488,-0.00500000
5.490,-0.08500000
5.492,-0.01500000
5.494,-0.01500000
5.496,0.12000000
5.498,0.37500000
5.500,0.54000000
5.502,0.64500000
5.504,0.43500000
5.506,0.45000000
5.508,0.65500000
5.510,0.46500000
5.512,0.51500000
5.514,0.72500000
5.516,0.85000000
5.518,0.79500000
5.520,0.95000000
5.522,0.88000000
5.524,0.71500000
5.526,0.54000000
5.528,0.21500000
5.530,0.00000000
5.532,-0.01000000
5.534,0.00000000
5.536,0.03000000
5.538,0.00000000
5.540,0.02000000
5.542,0.14500000
5.544,-0.00500000
5.546,0.03500000
5.548,0.08500000
5.550,0.06000000
5.552,-0.07000000
5.554,-0.00500000
5.556,0.10000000
5.558,0.23500000
5.560,0.32000000
5.562,0.24000000
5.564,0.25500000
5.566,0.12000000
5.568,0.03000000
5.570,-0.03500000
5.572,-0.10000000
5.574,-0.14000000
5.576,0.22500000
5.578,0.27500000
5.580,0.33000000
5.582,0.34500000
5.584,0.20500000
5.586,0.05000000
5.588,-0.02500000
5.590,-0.10500000
5.592,-0.09000000
5.594,0.11000000
5.596,0.18500000
5.598,0.18500000
5.600,0.17500000
5.602,0.39500000
5.604,0.28000000
5.606,0.20500000
5.608,0.01000000
5.610,-0.04500000
5.612,-0.10000000
5.614,0.01500000
5.616,0.19500000
5.618,0.26000000
5.620,0.33500000
5.622,0.32000000
5.624,0.16000000
5.626,0.10500000
5.628,0.03500000
5.630,-0.03000000
5.632,-0.01000000
5.634,0.09000000
5.636,0.20500000
5.638,0.17500000
5.640,0.36500000
5.642,0.42000000
5.644,0.24000000
5.646,0.06500000
5.648,0.00500000
5.650,-0.01000000
5.652,-0.02000000
5.654,-0.04500000
5.656,0.23000000
5.658,0.39500000
5.660,0.42500000
5.662,0.29500000
5.664,0.19000000
5.666,0.27500000
5.668,0.08500000
5.670,0.09500000
5.672,0.12000000
5.674,0.06000000
5.676,0.18000000
5.678,0.25000000
5.680,0.34000000
5.682,0.37500000
5.684,0.26500000
5.686,0.13500000
5.688,0.02500000
5.690,0.03000000
5.692,0.13000000
5.694,0.18500000
5.696,0.36000000
5.698,0.46500000
5.700,0.41000000
5.702,0.40500000
5.704,0.33500000
5.706,0.33000000
5.708,0.08500000
5.710,0.02500000
5.712,0.01500000
5.714,0.20500000
5.716,0.36000000
5.718,0.50500000
5.720,0.59000000
5.722,0.42500000
5.724,0.34500000
5.726,0.29500000
5.728,0.22000000
5.730,0.19000000
5.732,0.18500000
5.734,0.34000000
5.736,0.44000000
5.738,0.46500000
5.740,0.54000000
5.742,0.48000000
5.744,0.41000000
5.746,0.25000000
5.748,0.23500000
5.750,0.09000000
5.752,0.11500000
5.754,0.19000000
5.756,0.29500000
5.758,0.58500000
5.760,0.59000000
5.762,0.27500000
5.764,0.34500000
5.766,0.14500000
5.768,0.13000000
5.770,0.14500000
5.772,0.21500000
5.774,0.37500000
5.776,0.31000000
5.778,0.38000000
5.780,0.43000000
5.782,0.27500000
5.784,0.18000000
5.786,0.26500000
5.788,0.18000000
5.790,0.05500000
5.792,0.08000000
5.794,0.17000000
5.796,0.29000000
5.798,0.31000000
5.800,0.41000000
5.802,0.27500000
5.804,0.14000000
5.806,0.01500000
5.808,-0.02000000
5.810,-0.13500000
5.812,-0.05000000
5.814,0.05000000
5.816,0.29500000
5.818,0.32000000
5.820,0.33000000
5.822,0.27000000
5.824,0.15000000
5.826,0.02500000
5.828,-0.03000000
5.830,-0.10500000
5.832,0.01000000
5.834,0.16500000
5.836,0.20500000
5.838,0.25000000
5.840,0.28500000
5.842,0.26500000
5.844,0.06000000
5.846,0.01500000
5.848,-0.02500000
5.850,-0.12000000
5.852,-0.07000000
5.854,0.12500000
5.856,0.26500000
5.858,0.30000000
5.860,0.30000000
5.862,0.29000000
5.864,0.20000000
5.866,-0.06000000
5.868,-0.22000000
5.870,-0.09500000
5.872,0.10500000
5.874,0.17500000
5.876,0.27500000
5.878,0.33500000
5.880,0.37000000
5.882,0.19500000
5.884,0.03500000
5.886,-0.02000000
5.888,-0.18500000
5.890,-0.24500000
5.892,0.16500000
5.894,0.25000000
5.896,0.17500000
5.898,0.33000000
5.900,0.39500000
5.902,0.24000000
5.904,0.13000000
5.906,0.03500000
5.908,-0.06000000
5.910,-0.01000000
5.912,0.02000000
5.914,0.16000000
5.916,0.22500000
5.918,0.20000000
5.920,0.33500000
5.922,0.19500000
5.924,0.05000000
5.926,0.10500000
5.928,-0.01000000
5.930,0.11000000
5.932,0.12000000
5.934,0.19000000
5.936,0.31000000
5.938,0.29000000
5.940,0.27000000
5.942,0.09000000
5.944,0.07500000
5.946,0.03500000
5.948,0.03000000
5.950,0.10500000
5.952,0.06500000
5.954,0.12500000
5.956,0.28000000
5.958,0.35500000
5.960,0.18500000
5.962,0.19500000
5.964,0.11000000
5.966,0.00500000
5.968,-0.08500000
5.970,-0.09500000
5.972,0.17500000
5.974,0.22500000
5.976,0.22000000
5.978,0.26000000
5.980,0.38000000
5.982,0.19500000
5.984,0.13000000
5.986,-0.09000000
5.988,-0.02000000
5.990,0.11500000
5.992,0.09500000
5.994,0.14500000
5.996,0.17500000
5.998,0.26000000
6.000,0.27000000
6.002,0.22000000
6.004,0.12000000
6.006,-0.05000000
6.008,-0.06500000
6.010,0.07500000
6.012,0.03500000
6.014,0.15500000
6.016,0.28500000
6.018,0.24500000
6.020,0.13500000
6.022,0.22500000
6.024,0.12500000
6.026,-0.02000000
6.028,-0.11000000
6.030,-0.05000000
6.032,0.05000000
6.034,0.12500000
6.036,0.17000000
6.038,0.43000000
6.040,0.43000000
6.042,0.13000000
6.044,0.02000000
6.046,-0.00500000
6.048,-0.07000000
6.050,0.03000000
6.052,0.07000000
6.054,0.14500000
6.056,0.23000000
6.058,0.33500000
6.060,0.22000000
6.062,0.15500000
6.064,-0.00500000
6.066,-0.02500000
6.068,-0.03000000
6.070,0.00500000
6.072,0.13000000
6.074,0.13500000
6.076,0.24500000
6.078,0.41500000
6.080,0.22500000
6.082,0.06000000
6.084,0.05000000
6.086,-0.01000000
6.088,-0.17000000
6.090,0.02000000
6.092,0.13500000
6.094,0.17000000
6.096,0.26000000
6.098,0.27000000
6.100,0.29000000
6.102,0.18000000
6.104,0.02500000
6.106,-0.05000000
6.108,-0.13500000
6.110,-0.03500000
6.112,0.12000000
6.114,0.25000000
6.116,0.19500000
6.118,0.30500000
6.120,0.25500000
6.122,0.01500000
6.124,0.02000000
6.126,-0.01000000
6.128,-0.08500000
6.130,0.06000000
6.132,0.12000000
6.134,0.26000000
6.136,0.27000000
6.138,0.24000000
6.140,0.16500000
6.142,0.06000000
6.144,-0.11000000
6.146,-0.04000000
6.148,-0.07500000
6.150,0.07000000
6.152,0.13500000
6.154,0.25500000
6.156,0.37500000
6.158,0.30000000
6.160,0.08500000
6.162,0.04500000
6.164,0.03500000
6.166,0.04000000
6.168,-0.14000000
6.170,-0.01000000
6.172,0.15000000
6.174,0.23000000
6.176,0.20500000
6.178,0.25500000
6.180,0.24500000
6.182,0.06000000
6.184,0.09000000
6.186,0.08500000
6.188,-0.00500000
6.190,0.03500000
6.192,0.18000000
6.194,0.24500000
6.196,0.31000000
6.198,0.29500000
6.200,0.19500000
6.202,0.05000000
6.204,0.09000000
6.206,0.01000000
6.208,-0.21000000
6.210,0.03000000
6.212,0.28000000
6.214,0.30000000
6.216,0.39000000
6.218,0.37500000
6.220,0.20000000
6.222,0.19500000
6.224,0.23500000
6.226,0.10000000
6.228,-0.16500000
6.230,0.01000000
6.232,0.19500000
6.234,0.31000000
6.236,0.30000000
6.238,0.32000000
6.240,0.23500000
6.242,0.08500000
6.244,-0.06500000
6.246,0.08000000
6.248,-0.09500000
6.250,0.20500000
6.252,0.30500000
6.254,0.32000000
6.256,0.24000000
6.258,0.30000000
6.260,0.17000000
6.262,0.05000000
6.264,0.04000000
6.266,-0.06000000
6.268,-0.05500000
6.270,-0.04000000
6.272,0.13000000
6.274,0.15500000
6.276,0.31000000
6.278,0.35500000
6.280,0.29500000
6.282,0.18000000
6.284,0.06500000
6.286,-0.10000000
6.288,0.02000000
6.290,0.03500000
6.292,0.19500000
6.294,0.26500000
6.296,0.30500000
6.298,0.24500000
6.300,0.11000000
6.302,-0.17000000
6.304,-0.13000000
6.306,0.10000000
6.308,0.14500000
6.310,0.04000000
6.312,0.26000000
6.314,0.22500000
6.316,0.29000000
6.318,0.24000000
6.320,0.18500000
6.322,0.04500000
6.324,0.01500000
6.326,-0.18000000
6.328,-0.07500000
6.330,-0.06500000
6.332,0.00500000
6.334,0.19000000
6.336,0.35500000
6.338,0.32500000
6.340,0.18000000
6.342,0.01000000
6.344,0.10000000
6.346,-0.02000000
6.348,-0.02000000
6.350,0.04000000
6.352,0.24000000
6.354,0.21500000
6.356,0.20000000
6.358,-0.02000000
6.360,0.15500000
6.362,0.06500000
6.364,0.01500000
6.366,0.07000000
6.368,0.18500000
6.370,0.34000000
6.372,0.39500000
6.374,0.49500000
6.376,0.67000000
6.378,0.53000000
6.380,0.77000000
6.382,0.67000000
6.384,0.65500000
6.386,0.70000000
6.388,0.62500000
6.390,0.69500000
6.392,0.86000000
6.394,0.94500000
6.396,0.80500000
6.398,0.53000000
6.400,0.38000000
6.402,0.20000000
6.404,-0.08500000
6.406,-0.20000000
6.408,-0.16000000
6.410,-0.00500000
6.412,0.02500000
6.414,0.25000000
6.416,0.25500000
6.418,0.23000000
6.420,0.16000000
6.422,0.08500000
6.424,0.04000000
6.426,-0.02000000
6.428,0.02500000
6.430,0.13000000
6.432,0.19000000
6.434,0.27500000
6.436,0.27500000
6.438,0.20000000
6.440,-0.07500000
6.442,0.00500000
6.444,-0.02000000
6.446,-0.01000000
6.448,0.03000000
6.450,0.25500000
6.452,0.24000000
6.454,0.33000000
6.456,0.38000000
6.458,0.10000000
6.460,-0.01000000
6.462,0.00500000
6.464,0.02500000
6.466,-0.04000000
6.468,0.02000000
6.470,0.19000000
6.472,0.31500000
6.474,0.27500000
6.476,0.28000000
6.478,0.31500000
6.480,0.17000000
6.482,0.14500000
6.484,-0.00500000
6.486,-0.17000000
6.488,0.02000000
6.490,0.16500000
6.492,0.23500000
6.494,0.33000000
6.496,0.31000000
6.498,0.16500000
6.500,0.19000000
6.502,0.00500000
6.504,0.06500000
6.506,0.00500000
6.508,0.03500000
6.510,0.16000000
6.512,0.33000000
6.514,0.35000000
6.516,0.39500000
6.518,0.23500000
6.520,-0.03500000
6.522,0.08000000
6.524,0.10000000
6.526,0.01500000
6.528,0.15000000
6.530,0.15500000
6.532,0.34500000
6.534,0.40500000
6.536,0.38000000
6.538,0.26000000
6.540,0.18500000
6.542,0.01500000
6.544,0.05000000
6.546,0.08500000
6.548,0.01000000
6.550,0.24000000
6.552,0.29500000
6.554,0.32000000
6.556,0.40000000
6.558,0.31000000
6.560,0.22000000
6.562,0.11500000
6.564,-0.04000000
6.566,0.18500000
6.568,0.24000000
6.570,0.33500000
6.572,0.35500000
6.574,0.36000000
6.576,0.41500000
6.578,0.34000000
6.580,0.10000000
6.582,0.16500000
6.584,0.11000000
6.586,0.19500000
6.588,0.24500000
6.590,0.43000000
6.592,0.40000000
6.594,0.58500000
6.596,0.55000000
6.598,0.39000000
6.600,0.29500000
6.602,0.25000000
6.604,0.14000000
6.606,0.14000000
6.608,0.24000000
6.610,0.37500000
6.612,0.49000000
6.614,0.55500000
6.616,0.45500000
6.618,0.48500000
6.620,0.32500000
6.622,0.24000000
6.624,0.17000000
6.626,0.24000000
6.628,0.26000000
6.630,0.30500000
6.632,0.48500000
6.634,0.46500000
6.636,0.49000000
6.638,0.47000000
6.640,0.25500000
6.642,0.11500000
6.644,0.02500000
6.646,0.13000000
6.648,0.24500000
6.650,0.31500000
6.652,0.38000000
6.654,0.44500000
6.656,0.33500000
6.658,0.36500000
6.660,0.16500000
6.662,-0.05500000
6.664,-0.03500000
6.666,0.11000000
6.668,0.22500000
6.670,0.25000000
6.672,0.23000000
6.674,0.37000000
6.676,0.43500000
6.678,0.23500000
6.680,0.05000000
6.682,-0.01000000
6.684,-0.01500000
6.686,0.10000000
6.688,0.13500000
6.690,0.16500000
6.692,0.33500000
6.694,0.28500000
6.696,0.26000000
6.698,0.12000000
6.700,0.01000000
6.702,-0.03000000
6.704,-0.07000000
6.706,-0.01500000
6.708,0.12500000
6.710,0.30500000
6.712,0.34500000
6.714,0.42000000
6.716,0.22500000
6.718,0.12500000
6.720,0.07000000
6.722,-0.00500000
6.724,-0.13500000
6.726,-0.02000000
6.728,0.09500000
6.730,0.32000000
6.732,0.22000000
6.734,0.29500000
6.736,0.17500000
6.738,0.06500000
6.740,0.05500000
6.742,0.13000000
6.744,-0.16500000
6.746,0.03000000
6.748,0.18000000
6.750,0.29500000
6.752,0.35500000
6.754,0.35500000
6.756,0.24500000
6.758,0.16000000
6.760,0.04500000
6.762,-0.07000000
6.764,-0.13500000
6.766,-0.04500000
6.768,-0.01000000
6.770,0.06500000
6.772,0.39000000
6.774,0.45000000
6.776,0.27500000
6.778,0.17500000
6.780,0.02500000
6.782,0.11000000
6.784,0.08500000
6.786,-0.02000000
6.788,0.14000000
6.790,0.18000000
6.792,0.30000000
6.794,0.34000000
6.796,0.23500000
6.798,0.03500000
6.800,0.00500000
6.802,0.01000000
6.804,0.04000000
6.806,0.13000000
6.808,0.24000000
6.810,0.21000000
6.812,0.32500000
6.814,0.36500000
6.816,0.21000000
6.818,0.10500000
6.820,0.09000000
6.822,-0.15000000
6.824,-0.02000000
6.826,0.02000000
6.828,0.13000000
6.830,0.29000000
6.832,0.48000000
6.834,0.38500000
6.836,0.14500000
6.838,0.08000000
6.840,0.12500000
6.842,-0.02500000
6.844,-0.03500000
6.846,0.10500000
6.848,0.20000000
6.850,0.28000000
6.852,0.26500000
6.854,0.07000000
6.856,0.21500000
6.858,0.17500000
6.860,0.13000000
6.862,0.10000000
6.864,0.03000000
6.866,0.08000000
6.868,0.17000000
6.870,0.24000000
6.872,0.26500000
6.874,0.32000000
6.876,0.25000000
6.878,0.09500000
6.880,0.08000000
6.882,-0.04000000
6.884,-0.08000000
6.886,-0.04500000
6.888,0.12500000
6.890,0.25500000
6.892,0.32500000
6.894,0.31000000
6.896,0.18000000
6.898,0.14500000
6.900,0.14000000
6.902,-0.07500000
6.904,0.05000000
6.906,-0.03000000
6.908,0.19000000
6.910,0.33000000
6.912,0.19000000
6.914,0.17500000
6.916,0.09000000
6.918,-0.02000000
6.920,0.29000000
6.922,-0.10000000
6.924,0.01000000
6.926,0.18000000
6.928,0.15000000
6.930,0.34500000
6.932,0.37500000
6.934,0.25000000
6.936,0.19500000
6.938,0.09500000
6.940,0.01000000
6.942,-0.03500000
6.944,-0.04000000
6.946,0.13000000
6.948,0.13000000
6.950,0.21500000
6.952,0.38500000
6.954,0.23000000
6.956,0.14000000
6.958,0.14500000
6.960,-0.12000000
6.962,-0.15500000
6.964,0.19000000
6.966,0.12000000
6.968,0.16500000
6.970,0.22500000
6.972,0.24500000
6.974,0.18000000
6.976,0.15500000
6.978,0.00000000
6.980,0.02500000
6.982,-0.05000000
6.984,0.11000000
6.986,0.10500000
6.988,0.27000000
6.990,0.28000000
6.992,0.31500000
6.994,0.23000000
6.996,0.15000000
6.998,0.15500000
7.000,0.00000000
7.002,-0.09000000
7.004,0.02500000
7.006,0.12500000
7.008,0.14000000
7.010,0.25000000
7.012,0.35500000
7.014,0.20500000
7.016,0.14000000
7.018,-0.03500000
7.020,0.04000000
7.022,-0.07000000
7.024,0.02500000
7.026,0.19500000
7.028,0.22500000
7.030,0.45500000
7.032,0.31500000
7.034,0.15500000
7.036,0.06000000
7.038,-0.05000000
7.040,0.11500000
7.042,0.06500000
7.044,-0.03500000
7.046,0.04000000
7.048,0.28000000
7.050,0.43000000
7.052,0.45000000
7.054,0.24500000
7.056,0.17000000
7.058,0.04500000
7.060,0.04500000
7.062,0.00500000
7.064,0.05000000
7.066,0.06500000
7.068,0.12000000
7.070,0.19500000
7.072,0.28500000
7.074,0.34000000
7.076,0.27500000
7.078,0.07000000
7.080,0.00500000
7.082,0.07500000
7.084,0.06500000
7.086,0.16000000
7.088,0.35000000
7.090,0.32500000
7.092,0.43000000
7.094,0.24500000
7.096,0.12000000
7.098,0.08000000
7.100,0.04500000
7.102,-0.04500000
7.104,0.10000000
7.106,0.20000000
7.108,0.30500000
7.110,0.29000000
7.112,0.31000000
7.114,0.28500000
7.116,0.08000000
7.118,0.05500000
7.120,-0.07500000
7.122,-0.07500000
7.124,-0.01500000
7.126,0.06500000
7.128,0.19500000
7.130,0.19000000
7.132,0.27000000
7.134,0.30000000
7.136,0.16000000
7.138,0.10000000
7.140,-0.01000000
7.142,-0.09000000
7.144,-0.00500000
7.146,0.11000000
7.148,0.21500000
7.150,0.39000000
7.152,0.28500000
7.154,0.05000000
7.156,0.07000000
7.158,-0.03000000
7.160,-0.10500000
7.162,-0.04000000
7.164,0.13000000
7.166,0.20000000
7.168,0.29000000
7.170,0.33000000
7.172,0.19000000
7.174,0.18000000
7.176,-0.02500000
7.178,-0.14500000
7.180,-0.15500000
7.182,0.04500000
7.184,0.06500000
7.186,0.05000000
7.188,0.22000000
7.190,0.40000000
7.192,0.20500000
7.194,0.13000000
7.196,0.11500000
7.198,0.03000000
7.200,-0.08500000
7.202,-0.04500000
7.204,0.07000000
7.206,0.22000000
7.208,0.17000000
7.210,0.26000000
7.212,0.22000000
7.214,0.14500000
7.216,-0.02000000
7.218,0.01500000
7.220,0.05000000
7.222,0.26500000
7.224,0.30000000
7.226,0.35000000
7.228,0.45000000
7.230,0.67500000
7.232,0.68000000
7.234,0.70500000
7.236,0.62000000
7.238,0.57500000
7.240,0.68000000
7.242,0.81500000
7.244,0.76000000
7.246,0.84500000
7.248,0.75000000
7.250,0.74500000
7.252,0.45000000
7.254,0.28000000
7.256,0.21000000
7.258,0.10000000
7.260,-0.06500000
7.262,-0.13000000
7.264,-0.02000000
7.266,0.27500000
7.268,0.12000000
7.270,0.15000000
7.272,0.11500000
7.274,0.04500000
7.276,0.01500000
7.278,0.05000000
7.280,-0.06500000
7.282,0.04500000
7.284,0.15000000
7.286,0.21000000
7.288,0.16500000
7.290,0.31500000
7.292,0.32000000
7.294,0.20500000
7.296,-0.04000000
7.298,-0.14000000
7.300,-0.14000000
7.302,-0.01000000
7.304,0.21500000
7.306,0.24500000
7.308,0.25000000
7.310,0.34000000
7.312,0.21500000
7.314,0.19000000
7.316,0.09000000
7.318,-0.17000000
7.320,-0.02500000
7.322,0.20500000
7.324,0.01500000
7.326,0.25500000
7.328,0.41500000
7.330,0.29000000
7.332,0.26000000
7.334,0.09000000
7.336,-0.03500000
7.338,-0.00500000
7.340,-0.03000000
7.342,0.07000000
7.344,0.17500000
7.346,0.26000000
7.348,0.23000000
7.350,0.29500000
7.352,0.23000000
7.354,0.19000000
7.356,0.04500000
7.358,-0.11000000
7.360,-0.18000000
7.362,0.01500000
7.364,0.35000000
7.366,0.30000000
7.368,0.33000000
7.370,0.36000000
7.372,0.37500000
7.374,0.16500000
7.376,0.02500000
7.378,0.04000000
7.380,-0.04000000
7.382,0.19500000
7.384,0.30000000
7.386,0.26500000
7.388,0.35500000
7.390,0.26500000
7.392,0.28500000
7.394,0.21000000
7.396,0.15500000
7.398,0.09000000
7.400,-0.09000000
7.402,0.11000000
7.404,0.23000000
7.406,0.25500000
7.408,0.35000000
7.410,0.42500000
7.412,0.35000000
7.414,0.18000000
7.416,0.13000000
7.418,0.07000000
7.420,0.09500000
7.422,0.17500000
7.424,0.10500000
7.426,0.24500000
7.428,0.49000000
7.430,0.44000000
7.432,0.32000000
7.434,0.29500000
7.436,0.31500000
7.438,0.18500000
7.440,0.18000000
7.442,0.32500000
7.444,0.38000000
7.446,0.49500000
7.448,0.37500000
7.450,0.49000000
7.452,0.45000000
7.454,0.40000000
7.456,0.22000000
7.458,0.15500000
7.460,0.25500000
7.462,0.28000000
7.464,0.38500000
7.466,0.42500000
7.468,0.44500000
7.470,0.54500000
7.472,0.39000000
7.474,0.41000000
7.476,0.16500000
7.478,0.17500000
7.480,0.20000000
7.482,0.22500000
7.484,0.39500000
7.486,0.49000000
7.488,0.48500000
7.490,0.34500000
7.492,0.42000000
7.494,0.24500000
7.496,0.15500000
7.498,0.02000000
7.500,0.09000000
7.502,0.20000000
7.504,0.25000000
7.506,0.40500000
7.508,0.55000000
7.510,0.47500000
7.512,0.30000000
7.514,0.15000000
7.516,0.18000000
7.518,0.03500000
7.520,0.14500000
7.522,0.19000000
7.524,0.25500000
7.526,0.22000000
7.528,0.28500000
7.530,0.21000000
7.532,0.13500000
7.534,0.11500000
7.536,-0.02000000
7.538,0.09000000
7.540,0.15000000
7.542,0.18500000
7.544,0.24000000
7.546,0.18000000
7.548,0.31500000
7.550,0.20500000
7.552,0.13000000
7.554,0.17500000
7.556,0.09500000
7.558,0.02500000
7.560,0.01500000
7.562,0.16000000
7.564,0.16000000
7.566,0.22500000
7.568,0.24500000
7.570,0.16000000
7.572,0.03000000
7.574,0.18500000
7.576,0.03000000
7.578,-0.12000000
7.580,0.16000000
7.582,0.26500000
7.584,0.27500000
7.586,0.35000000
7.588,0.34500000
7.590,0.18500000
7.592,0.14000000
7.594,0.08000000
7.596,-0.02000000
7.598,-0.07500000
7.600,0.13500000
7.602,0.13500000
7.604,0.12500000
7.606,0.21000000
7.608,0.23000000
7.610,0.12500000
7.612,0.17000000
7.614,0.05000000
7.616,0.07000000
7.618,0.04500000
7.620,0.08000000
7.622,0.20500000
7.624,0.29000000
7.626,0.35500000
7.628,0.31500000
7.630,0.18000000
7.632,0.10000000
7.634,-0.01000000
7.636,-0.07500000
7.638,-0.02500000
7.640,0.08500000
7.642,0.25000000
7.644,0.37500000
7.646,0.29000000
7.648,0.39000000
7.650,0.22000000
7.652,0.16500000
7.654,-0.01500000
7.656,-0.06500000
7.658,-0.05500000
7.660,0.10000000
7.662,0.28000000
7.664,0.26000000
7.666,0.30000000
7.668,0.22500000
7.670,0.24500000
7.672,0.18500000
7.674,-0.01000000
7.676,-0.02500000
7.678,0.03000000
7.680,0.15500000
7.682,0.26000000
7.684,0.23000000
7.686,0.25500000
7.688,0.26000000
7.690,0.20500000
7.692,0.10500000
7.694,-0.07500000
7.696,-0.07500000
7.698,-0.03000000
7.700,0.02500000
7.702,0.13000000
7.704,0.36000000
7.706,0.32000000
7.708,0.35500000
7.710,0.31000000
7.712,0.14000000
7.714,0.08000000
7.716,0.02500000
7.718,-0.05500000
7.720,0.07500000
7.722,0.24000000
7.724,0.22500000
7.726,0.33000000
7.728,0.29500000
7.730,0.18500000
7.732,0.12000000
7.734,-0.06000000
7.736,-0.20500000
7.738,-0.06000000
7.740,0.12500000
7.742,0.20500000
7.744,0.28500000
7.746,0.25500000
7.748,0.31500000
7.750,0.13000000
7.752,0.14000000
7.754,0.21000000
7.756,0.02500000
7.758,-0.02000000
7.760,0.05000000
7.762,0.13000000
7.764,0.15500000
7.766,0.32000000
7.768,0.28500000
7.770,0.20500000
7.772,0.07500000
7.774,-0.05500000
7.776,-0.03500000
7.778,0.01000000
7.780,0.06000000
7.782,0.25500000
7.784,0.28000000
7.786,0.28500000
7.788,0.28500000
7.790,0.28500000
7.792,0.07000000
7.794,-0.03000000
7.796,-0.04500000
7.798,-0.00500000
7.800,0.08500000
7.802,0.11000000
7.804,0.12000000
7.806,0.23500000
7.808,0.20500000
7.810,0.17000000
7.812,0.04500000
7.814,0.12000000
7.816,-0.04000000
7.818,0.01000000
7.820,0.06500000
7.822,0.13500000
7.824,0.18000000
7.826,0.31000000
7.828,0.36000000
7.830,0.15500000
7.832,-0.01000000
7.834,0.05500000
7.836,-0.04000000
7.838,-0.02500000
7.840,0.10500000
7.842,0.25500000
7.844,0.33000000
7.846,0.33000000
7.848,0.28500000
7.850,0.10500000
7.852,0.01500000
7.854,0.05000000
7.856,-0.07000000
7.858,0.07000000
7.860,0.20500000
7.862,0.13500000
7.864,0.28500000
7.866,0.41000000
7.868,0.22000000
7.870,0.11500000
7.872,0.16500000
7.874,0.00500000
7.876,-0.11500000
7.878,-0.09000000
7.880,0.16000000
7.882,0.33500000
7.884,0.36000000
7.886,0.48000000
7.888,0.30500000
7.890,0.17500000
7.892,0.15000000
7.894,0.04500000
7.896,-0.06000000
7.898,-0.09500000
7.900,0.10000000
7.902,0.34000000
7.904,0.31500000
7.906,0.26000000
7.908,0.22500000
7.910,0.10000000
7.912,0.06500000
7.914,-0.01500000
7.916,-0.07000000
7.918,-0.01500000
7.920,0.19000000
7.922,0.24000000
7.924,0.29000000
7.926,0.35500000
7.928,0.20000000
7.930,0.00000000
7.932,0.01000000
7.934,-0.07500000
7.936,-0.01500000
7.938,0.14500000
7.940,0.06000000
7.942,0.16500000
7.944,0.23000000
7.946,0.27500000
7.948,0.09000000
7.950,0.10000000
7.952,0.01000000
7.954,-0.10000000
7.956,-0.19000000
7.958,0.08000000
7.960,0.09500000
7.962,0.26000000
7.964,0.25000000
7.966,0.24500000
7.968,0.16500000
7.970,0.00500000
7.972,-0.03000000
7.974,-0.00500000
7.976,-0.17000000
7.978,0.09000000
7.980,0.11500000
7.982,0.21500000
7.984,0.25500000
7.986,0.26500000
7.988,0.22500000
7.990,0.09000000
7.992,0.03500000
7.994,-0.07000000
7.996,-0.15500000
7.998,0.10500000
8.000,0.01000000
8.002,-0.03500000
8.004,0.05000000
8.006,0.23000000
8.008,0.31500000
8.010,0.19500000
8.012,-0.02000000
8.014,-0.15500000
8.016,-0.15500000
8.018,-0.01500000
8.020,0.14500000
8.022,0.16000000
8.024,0.38500000
8.026,0.57500000
8.028,0.33000000
8.030,0.25000000
8.032,0.21500000
8.034,0.29000000
8.036,0.37500000
8.038,0.54000000
8.040,0.84000000
8.042,0.92500000
8.044,0.98500000
8.046,0.98000000
8.048,0.90500000
8.050,0.74500000
8.052,0.51000000
8.054,0.36000000
8.056,0.33500000
8.058,0.35500000
8.060,0.26500000
8.062,0.23500000
8.064,0.23000000
8.066,0.04000000
8.068,-0.01000000
8.070,-0.07500000
8.072,-0.10500000
8.074,-0.14000000
8.076,-0.11000000
8.078,-0.03500000
8.080,0.16000000
8.082,0.29000000
8.084,0.29500000
8.086,0.16000000
8.088,0.27000000
8.090,0.07500000
8.092,-0.08000000
8.094,-0.06500000
8.096,-0.11500000
8.098,0.06500000
8.100,0.27000000
8.102,0.31500000
8.104,0.25500000
8.106,0.22500000
8.108,0.17500000
8.110,0.05500000
8.112,0.07000000
8.114,-0.11500000
8.116,0.10000000
8.118,0.08500000
8.120,0.17000000
8.122,0.24500000
8.124,0.28500000
8.126,0.23500000
8.128,0.20500000
8.130,0.11500000
8.132,0.10500000
8.134,0.01000000
8.136,0.00500000
8.138,0.11000000
8.140,0.22000000
8.142,0.26000000
8.144,0.41000000
8.146,0.20000000
8.148,0.05500000
8.150,-0.01500000
8.152,0.08000000
8.154,-0.03500000
8.156,0.00500000
8.158,0.21500000
8.160,0.14000000
8.162,0.27500000
8.164,0.42000000
8.166,0.23500000
8.168,0.15500000
8.170,-0.03500000
8.172,-0.07000000
8.174,-0.15500000
8.176,0.04000000
8.178,0.19000000
8.180,0.38500000
8.182,0.36000000
8.184,0.41000000
8.186,0.32000000
8.188,0.19000000
8.190,0.04500000
8.192,0.00500000
8.194,-0.09500000
8.196,0.11000000
8.198,0.32000000
8.200,0.32000000
8.202,0.36500000
8.204,0.35000000
8.206,0.23000000
8.208,0.20500000
8.210,0.09000000
8.212,-0.08500000
8.214,0.08000000
8.216,0.17500000
8.218,0.32000000
8.220,0.46500000
8.222,0.41000000
8.224,0.34000000
8.226,0.29000000
8.228,0.27500000
8.230,0.04500000
8.232,-0.10000000
8.234,-0.02000000
8.236,0.21000000
8.238,0.26000000
8.240,0.30000000
8.242,0.39500000
8.244,0.47500000
8.246,0.41500000
8.248,0.32000000
8.250,0.23000000
8.252,0.21000000
8.254,0.22500000
8.256,0.24500000
8.258,0.31000000
8.260,0.33500000
8.262,0.48500000
8.264,0.50000000
8.266,0.36500000
8.268,0.37500000
8.270,0.33500000
8.272,0.21500000
8.274,0.17000000
8.276,0.25000000
8.278,0.32500000
8.280,0.47500000
8.282,0.45500000
8.284,0.52500000
8.286,0.30500000
8.288,0.31500000
8.290,0.17000000
8.292,0.02500000
8.294,0.01500000
8.296,0.20500000
8.298,0.36000000
8.300,0.55000000
8.302,0.52500000
8.304,0.41000000
8.306,0.37000000
8.308,0.20000000
8.310,0.06000000
8.312,0.07000000
8.314,0.13000000
8.316,0.10500000
8.318,0.21500000
8.320,0.26500000
8.322,0.30000000
8.324,0.28000000
8.326,0.04500000
8.328,-0.05500000
8.330,0.14500000
8.332,0.12000000
8.334,0.07000000
8.336,0.28500000
8.338,0.24500000
8.340,0.21000000
8.342,0.34000000
8.344,0.33000000
8.346,0.21000000
8.348,0.04500000
8.350,-0.11500000
8.352,-0.09500000
8.354,-0.06500000
8.356,0.10500000
8.358,0.15500000
8.360,0.23500000
8.362,0.41000000
8.364,0.39500000
8.366,0.25500000
8.368,0.12000000
8.370,-0.02500000
8.372,-0.15500000
8.374,-0.24000000
8.376,0.04500000
8.378,0.17000000
8.380,0.16000000
8.382,0.30500000
8.384,0.33000000
8.386,0.23000000
8.388,0.02000000
8.390,-0.02000000
8.392,-0.04000000
8.394,-0.08500000
8.396,0.00000000
8.398,0.20500000
8.400,0.19500000
8.402,0.36000000
8.404,0.19500000
8.406,0.16000000
8.408,0.06000000
8.410,0.07000000
8.412,-0.04000000
8.414,0.00000000
8.416,0.02500000
8.418,0.09000000
8.420,0.29500000
8.422,0.40000000
8.424,0.25000000
8.426,0.18500000
8.428,0.16000000
8.430,0.05500000
8.432,-0.00500000
8.434,0.06500000
8.436,0.03000000
8.438,0.08500000
8.440,0.13000000
8.442,0.27000000
8.444,0.19000000
8.446,0.14500000
8.448,0.12000000
8.450,0.06500000
8.452,0.06000000
8.454,0.04000000
8.456,0.06000000
8.458,0.16000000
8.460,0.19500000
8.462,0.41000000
8.464,0.37500000
8.466,0.18000000
8.468,-0.03000000
8.470,0.04000000
8.472,-0.01500000
8.474,0.12500000
8.476,0.09500000
8.478,0.12000000
8.480,0.29000000
8.482,0.38000000
8.484,0.37000000
8.486,0.18000000
8.488,0.05500000
8.490,-0.01000000
8.492,-0.05000000
8.494,0.11000000
8.496,0.15500000
8.498,0.23500000
8.500,0.22000000
8.502,0.34500000
8.504,0.25000000
8.506,0.07000000
8.508,-0.06000000
8.510,-0.04500000
8.512,-0.01000000
8.514,-0.00500000
8.516,0.20000000
8.518,0.26500000
8.520,0.20000000
8.522,0.21500000
8.524,0.22500000
8.526,0.09500000
8.528,0.08000000
8.530,0.03000000
8.532,0.06000000
8.534,0.05000000
8.536,0.12500000
8.538,0.19000000
8.540,0.24000000
8.542,0.32000000
8.544,0.26500000
8.546,0.09000000
8.548,-0.01000000
8.550,-0.04500000
8.552,0.04500000
8.554,-0.02500000
8.556,0.12000000
8.558,0.27500000
8.560,0.13000000
8.562,0.18000000
8.564,0.24500000
8.566,0.10500000
8.568,0.10500000
8.570,0.08500000
8.572,-0.01000000
8.574,-0.03500000
8.576,0.19500000
8.578,0.28500000
8.580,0.15500000
8.582,0.17500000
8.584,0.08500000
8.586,0.11000000
8.588,0.08000000
8.590,-0.04500000
8.592,-0.03000000
8.594,0.11000000
8.596,0.17000000
8.598,0.11500000
8.600,0.26500000
8.602,0.32500000
8.604,0.22500000
8.606,0.16000000
8.608,0.01500000
8.610,-0.13000000
8.612,-0.03000000
8.614,0.10500000
8.616,0.16000000
8.618,0.20000000
8.620,0.15500000
8.622,0.15500000
8.624,0.28000000
8.626,0.28000000
8.628,0.00500000
8.630,-0.05500000
8.632,-0.02500000
8.634,-0.00500000
8.636,0.19000000
8.638,0.18000000
8.640,0.28000000
8.642,0.25500000
8.644,0.19500000
8.646,0.06500000
8.648,-0.14000000
8.650,-0.04000000
8.652,-0.10000000
8.654,0.09500000
8.656,0.22500000
8.658,0.26500000
8.660,0.34500000
8.662,0.28000000
8.664,0.17500000
8.666,-0.09000000
8.668,0.09500000
8.670,0.03500000
8.672,0.04000000
8.674,0.10500000
8.676,0.22000000
8.678,0.35000000
8.680,0.29000000
8.682,0.23500000
8.684,0.14000000
8.686,0.06000000
8.688,0.01000000
8.690,-0.09500000
8.692,-0.01500000
8.694,0.14000000
8.696,0.27000000
8.698,0.36500000
8.700,0.42500000
8.702,0.25000000
8.704,0.18500000
8.706,0.20000000
8.708,0.07500000
8.710,-0.06500000
8.712,0.03000000
8.714,0.19000000
8.716,0.28500000
8.718,0.30500000
8.720,0.41500000
8.722,0.26000000
8.724,0.16500000
8.726,0.04500000
8.728,0.09000000
8.730,-0.01000000
8.732,0.07500000
8.734,0.11000000
8.736,0.07500000
8.738,0.21000000
8.740,0.30500000
8.742,0.24500000
8.744,0.19500000
8.746,-0.00500000
8.748,-0.04000000
8.750,0.07500000
8.752,-0.08500000
8.754,-0.02000000
8.756,0.15000000
8.758,0.26000000
8.760,0.28500000
8.762,0.22500000
8.764,0.15000000
8.766,0.04500000
8.768,0.00000000
8.770,-0.04500000
8.772,-0.03500000
8.774,0.08500000
8.776,0.17500000
8.778,0.26000000
8.780,0.38000000
8.782,0.25500000
8.784,0.18500000
8.786,0.03500000
8.788,-0.02500000
8.790,-0.24500000
8.792,-0.03500000
8.794,0.08500000
8.796,0.17000000
8.798,0.26500000
8.800,0.34000000
8.802,0.21000000
8.804,0.08000000
8.806,-0.07000000
8.808,-0.08500000
8.810,-0.23000000
8.812,0.03500000
8.814,0.11500000
8.816,0.24500000
8.818,0.29500000
8.820,0.30500000
8.822,0.22500000
8.824,0.13500000
8.826,0.10500000
8.828,-0.12500000
8.830,-0.24500000
8.832,-0.06000000
8.834,0.10000000
8.836,0.18000000
8.838,0.18500000
8.840,0.26000000
8.842,0.17000000
8.844,0.08500000
8.846,0.11500000
8.848,0.12000000
8.850,0.09000000
8.852,0.22000000
8.854,0.31500000
8.856,0.52500000
8.858,0.72000000
8.860,0.88500000
8.862,0.92000000
8.864,0.85500000
8.866,0.80500000
8.868,0.70500000
8.870,0.60500000
8.872,0.66000000
8.874,0.66500000
8.876,0.71500000
8.878,0.58500000
8.880,0.46000000
8.882,0.28500000
8.884,0.05500000
8.886,-0.30500000
8.888,-0.18000000
8.890,-0.07000000
8.892,0.03000000
8.894,0.12000000
8.896,0.13500000
8.898,0.10000000
8.900,0.12000000
8.902,0.22500000
8.904,0.24500000
8.906,0.06000000
8.908,-0.03500000
8.910,-0.04500000
8.912,-0.05000000
8.914,0.16000000
8.916,0.22500000
8.918,0.25000000
8.920,0.42000000
8.922,0.20000000
8.924,0.00500000
8.926,0.07000000
8.928,0.01500000
8.930,-0.03000000
8.932,0.02500000
8.934,0.02000000
8.936,0.25000000
8.938,0.36000000
8.940,0.29000000
8.942,0.26000000
8.944,0.12500000
8.946,-0.01500000
8.948,-0.12000000
8.950,-0.14000000
8.952,-0.01500000
8.954,0.07500000
8.956,0.25500000
8.958,0.31500000
8.960,0.25000000
8.962,0.24500000
8.964,0.13000000
8.966,0.01000000
8.968,-0.03500000
8.970,-0.06000000
8.972,0.13500000
8.974,0.13000000
8.976,0.28500000
8.978,0.36000000
8.980,0.31500000
8.982,0.20000000
8.984,0.04500000
8.986,0.08500000
8.988,-0.09000000
8.990,-0.10000000
8.992,0.06000000
8.994,0.33000000
8.996,0.30500000
8.998,0.30500000
9.000,0.30000000
9.002,0.25000000
9.004,0.14500000
9.006,0.02000000
9.008,-0.04500000
9.010,0.07500000
9.012,0.08500000
9.014,0.27000000
9.016,0.23500000
9.018,0.34000000
9.020,0.28500000
9.022,0.24500000
9.024,0.13500000
9.026,0.02000000
9.028,0.06000000
9.030,0.10500000
9.032,0.17000000
9.034,0.24500000
9.036,0.33000000
9.038,0.35500000
9.040,0.35000000
9.042,0.21500000
9.044,0.12000000
9.046,-0.02000000
9.048,0.06000000
9.050,0.25500000
9.052,0.32500000
9.054,0.36500000
9.056,0.44000000
9.058,0.42500000
9.060,0.43000000
9.062,0.18500000
9.064,-0.03000000
9.066,0.21000000
9.068,0.26000000
9.070,0.22500000
9.072,0.34000000
9.074,0.44500000
9.076,0.48500000
9.078,0.49500000
9.080,0.36500000
9.082,0.41000000
9.084,0.29000000
9.086,0.14500000
9.088,0.11500000
9.090,0.23500000
9.092,0.27000000
9.094,0.23000000
9.096,0.59000000
9.098,0.61000000
9.100,0.42500000
9.102,0.34000000
9.104,0.26500000
9.106,0.16000000
9.108,0.09500000
9.110,0.19000000
9.112,0.27500000
9.114,0.39000000
9.116,0.38500000
9.118,0.41000000
9.120,0.26500000
9.122,0.40000000
9.124,0.28000000
9.126,0.17500000
9.128,0.03000000
9.130,0.16000000
9.132,0.27000000
9.134,0.47500000
9.136,0.42500000
9.138,0.34000000
9.140,0.30500000
9.142,0.14500000
9.144,0.07000000
9.146,0.07000000
9.148,0.07500000
9.150,0.05000000
9.152,0.09500000
9.154,0.30500000
9.156,0.21500000
9.158,0.25500000
9.160,0.25000000
9.162,0.20000000
9.164,-0.03000000
9.166,-0.11500000
9.168,-0.20000000
9.170,0.16500000
9.172,0.19500000
9.174,0.18500000
9.176,0.20000000
9.178,0.24500000
9.180,0.22500000
9.182,0.11000000
9.184,0.08500000
9.186,0.00500000
9.188,-0.10000000
9.190,0.12000000
9.192,0.32000000
9.194,0.21500000
9.196,0.27000000
9.198,0.32500000
9.200,0.09500000
9.202,-0.01500000
9.204,-0.02500000
9.206,-0.17000000
9.208,-0.14500000
9.210,-0.06500000
9.212,0.07500000
9.214,0.24500000
9.216,0.38000000
9.218,0.40500000
9.220,0.28500000
9.222,0.07500000
9.224,-0.04500000
9.226,-0.04000000
9.228,-0.14500000
9.230,-0.10500000
9.232,0.06000000
9.234,0.21500000
9.236,0.16500000
9.238,0.39500000
9.240,0.26500000
9.242,0.15500000
9.244,0.07500000
9.246,-0.16500000
9.248,-0.03500000
9.250,0.04500000
9.252,0.14000000
9.254,0.16000000
9.256,0.34500000
9.258,0.28500000
9.260,0.19500000
9.262,0.07000000
9.264,-0.01000000
9.266,-0.14000000
9.268,-0.08500000
9.270,0.12000000
9.272,0.07500000
9.274,0.25500000
9.276,0.28000000
9.278,0.22000000
9.280,0.02500000
9.282,-0.01000000
9.284,0.01500000
9.286,-0.04500000
9.288,-0.10000000
9.290,0.12000000
9.292,0.18000000
9.294,0.30500000
9.296,0.35000000
9.298,0.26000000
9.300,0.19500000
9.302,-0.02500000
9.304,-0.01000000
9.306,-0.08500000
9.308,-0.07000000
9.310,0.12000000
9.312,0.15000000
9.314,0.26000000
9.316,0.38500000
9.318,0.22000000
9.320,-0.01500000
9.322,0.05000000
9.324,0.09000000
9.326,-0.06500000
9.328,-0.03500000
9.330,0.03500000
9.332,0.17500000
9.334,0.21500000
9.336,0.28000000
9.338,0.25500000
9.340,0.05000000
9.342,-0.04000000
9.344,-0.01500000
9.346,-0.14500000
9.348,0.02000000
9.350,0.14500000
9.352,0.06000000
9.354,0.24500000
9.356,0.28500000
9.358,0.20000000
9.360,-0.00500000
9.362,-0.01000000
9.364,0.00500000
9.366,-0.02000000
9.368,0.04000000
9.370,0.01500000
9.372,0.17000000
9.374,0.24500000
9.376,0.30500000
9.378,0.21000000
9.380,0.19500000
9.382,0.13000000
9.384,-0.01000000
9.386,-0.09000000
9.388,-0.03500000
9.390,0.05000000
9.392,0.09500000
9.394,0.16000000
9.396,0.22000000
9.398,0.17500000
9.400,0.12500000
9.402,-0.04500000
9.404,-0.14000000
9.406,-0.19000000
9.408,-0.08000000
9.410,0.16000000
9.412,0.26500000
9.414,0.11500000
9.416,0.31500000
9.418,0.11000000
9.420,0.09500000
9.422,0.04000000
9.424,0.00500000
9.426,-0.10500000
9.428,-0.02000000
9.430,0.07000000
9.432,0.18500000
9.434,0.29500000
9.436,0.29000000
9.438,0.12500000
9.440,0.07500000
9.442,0.02000000
9.444,0.07500000
9.446,-0.15500000
9.448,-0.05000000
9.450,0.09500000
9.452,0.08000000
9.454,0.12000000
9.456,0.18000000
9.458,0.16500000
9.460,0.15000000
9.462,-0.08000000
9.464,-0.14000000
9.466,-0.04000000
9.468,0.03500000
9.470,-0.01000000
9.472,0.11500000
9.474,0.28000000
9.476,0.26500000
9.478,0.16000000
9.480,0.11500000
9.482,0.00000000
9.484,-0.15000000
9.486,-0.15500000
9.488,-0.03000000
9.490,0.12000000
9.492,0.26500000
9.494,0.24500000
9.496,0.25000000
9.498,0.19000000
9.500,0.12000000
9.502,0.00500000
9.504,-0.03500000
9.506,-0.04000000
9.508,0.02500000
9.510,0.15500000
9.512,0.16500000
9.514,0.14000000
9.516,0.31500000
9.518,0.18000000
9.520,0.07000000
9.522,0.01500000
9.524,-0.08500000
9.526,-0.07500000
9.528,0.03500000
9.530,0.18500000
9.532,0.28500000
9.534,0.35500000
9.536,0.32000000
9.538,0.18000000
9.540,-0.03500000
9.542,-0.15000000
9.544,-0.15500000
9.546,0.05000000
9.548,0.17500000
9.550,0.29500000
9.552,0.26000000
9.554,0.27500000
9.556,0.26500000
9.558,0.17000000
9.560,0.05500000
9.562,-0.05500000
9.564,-0.17500000
9.566,-0.02500000
9.568,0.02500000
9.570,0.03000000
9.572,0.24500000
9.574,0.31500000
9.576,0.20500000
9.578,0.12500000
9.580,0.09500000
9.582,-0.05500000
9.584,-0.11500000
9.586,-0.08000000
9.588,-0.00500000
9.590,0.10000000
9.592,0.21000000
9.594,0.24000000
9.596,0.19500000
9.598,0.00500000
9.600,0.00500000
9.602,-0.07000000
9.604,-0.12000000
9.606,-0.23000000
9.608,-0.03000000
9.610,0.12000000
9.612,0.23500000
9.614,0.18000000
9.616,0.11000000
9.618,0.25500000
9.620,-0.09000000
9.622,-0.16000000
9.624,-0.14500000
9.626,-0.07000000
9.628,0.08500000
9.630,0.12000000
9.632,0.14500000
9.634,0.18000000
9.636,0.21500000
9.638,0.09000000
9.640,-0.14500000
9.642,-0.15000000
9.644,-0.09500000
9.646,-0.08000000
9.648,0.15500000
9.650,0.14500000
9.652,0.18500000
9.654,0.25500000
9.656,0.09500000
9.658,0.02500000
9.660,-0.15500000
9.662,-0.18000000
9.664,-0.13500000
9.666,-0.21000000
9.668,-0.10500000
9.670,0.02000000
9.672,0.26000000
9.674,0.21500000
9.676,0.15500000
9.678,0.29000000
9.680,0.19500000
9.682,0.23500000
9.684,0.22000000
9.686,0.22500000
9.688,0.37000000
9.690,0.61500000
9.692,0.85000000
9.694,0.97500000
9.696,1.00500000
9.698,0.78000000
9.700,0.69500000
9.702,0.51500000
9.704,0.43500000
9.706,0.49500000
9.708,0.54500000
9.710,0.42500000
9.712,0.33500000
9.714,0.30000000
9.716,0.07500000
9.718,-0.10500000
9.720,-0.18500000
9.722,-0.10000000
9.724,-0.31500000
9.726,-0.00500000
9.728,0.01000000
9.730,0.06500000
9.732,0.17500000
9.734,0.22000000
9.736,0.14000000
9.738,-0.05000000
9.740,0.07000000
9.742,-0.07500000
9.744,-0.08000000
9.746,0.01500000
9.748,0.12500000
9.750,0.28500000
9.752,0.18000000
9.754,0.16000000
9.756,0.06000000
9.758,0.10000000
9.760,-0.03500000
9.762,-0.03500000
9.764,-0.11000000
9.766,0.01500000
9.768,0.17000000
9.770,0.10500000
9.772,0.16000000
9.774,0.36000000
9.776,0.19500000
9.778,0.04000000
9.780,0.00000000
9.782,-0.00500000
9.784,-0.18500000
9.786,-0.03500000
9.788,0.09000000
9.790,0.29500000
9.792,0.19000000
9.794,0.13000000
9.796,0.20000000
9.798,0.09000000
9.800,-0.20500000
9.802,-0.15000000
9.804,-0.09000000
9.806,0.05000000
9.808,0.20000000
9.810,0.27500000
9.812,0.41000000
9.814,0.30000000
9.816,0.23500000
9.818,0.09000000
9.820,0.04000000
9.822,-0.05500000
9.824,-0.11500000
9.826,-0.00500000
9.828,0.12500000
9.830,0.20500000
9.832,0.35000000
9.834,0.37000000
9.836,0.28000000
9.838,0.05000000
9.840,-0.16000000
9.842,-0.12500000
9.844,-0.06500000
9.846,0.16500000
9.848,0.09000000
9.850,0.30000000
9.852,0.34000000
9.854,0.38000000
9.856,0.18000000
9.858,0.16000000
9.860,0.05000000
9.862,-0.02000000
9.864,-0.06500000
9.866,0.11500000
9.868,0.24000000
9.870,0.31500000
9.872,0.33000000
9.874,0.45000000
9.876,0.34000000
9.878,0.18000000
9.880,0.08000000
9.882,0.09000000
9.884,0.15000000
9.886,0.13000000
9.888,0.27500000
9.890,0.34500000
9.892,0.53500000
9.894,0.45500000
9.896,0.31500000
9.898,0.19500000
9.900,0.24000000
9.902,0.02500000
9.904,0.09000000
9.906,0.19500000
9.908,0.40000000
9.910,0.36500000
9.912,0.49000000
9.914,0.45000000
9.916,0.49000000
9.918,0.27000000
9.920,0.17000000
9.922,0.14000000
9.924,0.18500000
9.926,0.27000000
9.928,0.47500000
9.930,0.40000000
9.932,0.41500000
9.934,0.41000000
9.936,0.17500000
9.938,0.20000000
9.940,0.25000000
9.942,0.24500000
9.944,0.15000000
9.946,0.22000000
9.948,0.40500000
9.950,0.47000000
9.952,0.50500000
9.954,0.41000000
9.956,0.30500000
9.958,0.24000000
9.960,0.10000000
9.962,-0.10500000
9.964,0.11000000
9.966,0.23000000
9.968,0.23500000
9.970,0.51000000
9.972,0.60500000
9.974,0.35000000
9.976,0.26000000
9.978,0.24500000
9.980,0.13000000
9.982,-0.09000000
9.984,0.03500000
9.986,0.11500000
9.988,0.27500000
9.990,0.39000000
9.992,0.30500000
9.994,0.19000000
9.996,0.15500000
9.998,0.12500000
